,Weight,Height
0,97,160
1,98,182
2,74,184
3,103,185
4,83,177
5,91,152
6,72,158
7,73,161
8,81,161
9,86,167
10,99,181
11,61,157
12,55,154
13,90,162
14,62,144
15,64,174
16,67,166
17,66,166
18,75,172
19,75,154
20,77,159
21,91,174
22,94,175
23,62,146
24,64,163
25,56,162
26,63,163
27,61,162
28,113,184
29,62,154
30,59,156
31,107,164
32,105,177
33,97,159
34,138,172
35,92,161
36,138,158
37,53,165
38,100,157
39,112,175
40,68,170
41,46,146
42,85,163
43,83,171
44,60,154
45,87,172
46,67,157
47,88,173
48,91,175
49,83,157
50,91,160
51,75,169
52,106,166
53,81,154
54,60,155
55,67,177
56,84,163
57,62,161
58,52,156
59,126,160
60,106,198
61,77,159
62,64,162
63,132,181
64,54,163
65,67,153
66,81,149
67,114,163
68,70,170
69,61,154
70,63,151
71,77,174
72,61,177
73,66,148
74,54,165
75,129,176
76,73,169
77,85,162
78,52,171
79,66,175
80,67,160
81,67,177
82,130,176
83,135,163
84,85,181
85,99,174
86,143,182
87,82,161
88,74,168
89,112,176
90,127,172
91,103,170
92,62,150
93,76,170
94,191,175
95,75,165
96,90,180
97,104,164
98,79,170
99,80,173
100,140,175
101,105,173
102,126,181
103,77,161
104,71,152
105,108,177
106,79,162
107,86,177
108,103,189
109,94,156
110,70,168
111,136,188
112,124,164
113,58,149
114,135,178
115,93,179
116,75,164
117,99,170
118,105,164
119,52,151
120,78,155
121,126,178
122,90,176
123,69,157
124,55,152
125,73,155
126,88,164
127,100,154
128,77,156
129,108,160
130,108,174
131,93,158
132,65,168
133,99,171
134,59,174
135,51,161
136,90,176
137,74,166
138,76,161
139,111,168
140,93,168
141,92,177
142,113,161
143,71,167
144,92,161
145,56,159
146,81,143
147,71,161
148,68,171
149,82,171
150,93,182
151,92,151
152,75,188
153,54,156
154,71,155
155,63,153
156,65,161
157,69,179
158,70,148
159,82,178
160,107,178
161,76,157
162,55,157
163,70,174
164,53,165
165,107,181
166,60,168
167,93,177
168,94,180
169,80,170
170,65,159
171,81,157
172,51,165
173,86,164
174,112,162
175,67,185
176,93,161
177,53,151
178,84,158
179,89,173
180,115,162
181,69,156
182,84,165
183,81,153
184,62,157
185,73,157
186,83,162
187,80,153
188,96,158
189,105,160
190,70,163
191,83,176
192,74,170
193,88,176
194,104,167
195,116,153
196,75,164
197,60,165
198,92,179
199,59,152
200,63,160
201,91,157
202,51,165
203,75,168
204,59,164
205,64,166
206,76,162
207,59,167
208,85,167
209,75,156
210,87,161
211,67,158
212,76,161
213,83,176
214,72,168
215,128,174
216,108,184
217,103,177
218,77,159
219,96,179
220,79,154
221,99,168
222,83,176
223,57,143
224,79,174
225,73,153
226,157,163
227,103,162
228,59,156
229,56,159
230,91,174
231,92,182
232,63,151
233,96,177
234,129,192
235,84,165
236,78,160
237,82,153
238,71,188
239,70,160
240,90,184
241,75,167
242,65,150
243,85,184
244,88,178
245,68,161
246,58,164
247,70,147
248,64,148
249,111,182
250,62,153
251,89,166
252,88,165
253,112,158
254,107,179
255,79,167
256,106,174
257,106,185
258,99,179
259,62,162
260,133,161
261,131,166
262,74,179
263,60,165
264,83,176
265,59,150
266,90,169
267,60,161
268,95,158
269,47,154
270,51,162
271,88,160
272,70,157
273,69,161
274,71,178
275,68,166
276,76,185
277,114,158
278,102,161
279,92,165
280,130,168
281,103,163
282,72,164
283,51,158
284,58,174
285,64,167
286,84,157
287,99,170
288,65,164
289,93,161
290,70,165
291,66,159
292,112,164
293,87,165
294,83,175
295,107,153
296,82,169
297,105,167
298,82,177
299,73,151
300,92,177
301,74,169
302,76,165
303,70,165
304,149,171
305,121,180
306,71,150
307,84,167
308,104,152
309,134,175
310,97,162
311,94,148
312,46,150
313,78,167
314,99,152
315,130,173
316,136,167
317,56,169
318,101,155
319,105,183
320,122,171
321,63,169
322,85,163
323,57,148
324,43,152
325,65,162
326,82,160
327,160,188
328,92,173
329,104,177
330,62,167
331,69,162
332,54,152
333,57,158
334,83,164
335,64,163
336,79,180
337,59,164
338,95,181
339,46,156
340,97,157
341,74,167
342,81,157
343,90,176
344,66,166
345,65,160
346,84,166
347,69,157
348,72,152
349,70,160
350,78,171
351,58,153
352,55,159
353,68,159
354,57,148
355,58,158
356,73,166
357,89,175
358,89,178
359,92,162
360,105,176
361,163,171
362,48,148
363,60,157
364,62,155
365,93,151
366,71,173
367,94,180
368,87,164
369,75,155
370,51,161
371,49,169
372,45,159
373,79,168
374,65,162
375,53,166
376,99,176
377,62,171
378,109,163
379,146,165
380,85,169
381,91,152
382,54,145
383,60,179
384,116,148
385,82,154
386,93,180
387,83,155
388,91,171
389,73,158
390,84,169
391,84,171
392,123,179
393,89,187
394,81,166
395,71,166
396,69,172
397,80,173
398,74,180
399,58,159
400,114,168
401,85,180
402,89,175
403,83,149
404,157,177
405,55,155
406,61,156
407,79,163
408,62,159
409,131,171
410,103,172
411,70,155
412,44,149
413,61,166
414,104,185
415,93,162
416,63,165
417,53,158
418,79,160
419,71,157
420,71,162
421,86,165
422,54,166
423,64,171
424,98,161
425,71,157
426,120,166
427,84,146
428,82,159
429,71,162
430,88,167
431,125,171
432,71,160
433,63,181
434,77,175
435,91,181
436,65,169
437,72,171
438,105,170
439,90,168
440,77,161
441,83,149
442,83,159
443,59,159
444,90,187
445,75,181
446,91,161
447,177,179
448,102,159
449,75,155
450,102,171
451,57,164
452,65,152
453,73,176
454,86,180
455,107,176
456,85,161
457,64,159
458,79,184
459,134,166
460,62,152
461,78,161
462,74,153
463,124,168
464,73,161
465,66,167
466,55,170
467,101,162
468,79,167
469,83,171
470,135,182
471,80,173
472,112,185
473,66,157
474,111,171
475,63,172
476,68,164
477,58,168
478,71,164
479,55,154
480,96,176
481,91,159
482,93,178
483,114,178
484,126,157
485,115,179
486,102,179
487,65,171
488,98,166
489,85,170
490,54,147
491,87,152
492,59,160
493,125,175
494,62,159
495,65,173
496,65,171
497,58,175
498,75,173
499,73,168
500,83,156
501,137,182
502,87,179
503,78,149
504,78,172
505,94,160
506,86,167
507,77,171
508,114,181
509,44,164
510,93,176
511,69,157
512,65,164
513,55,149
514,62,173
515,32,151
516,47,155
517,97,168
518,149,155
519,69,171
520,87,159
521,59,163
522,116,177
523,74,167
524,85,177
525,89,166
526,100,179
527,87,170
528,83,165
529,92,179
530,88,178
531,91,175
532,134,170
533,65,161
534,74,173
535,84,162
536,89,172
537,93,161
538,105,189
539,85,178
540,77,181
541,98,164
542,66,182
543,69,151
544,87,165
545,116,153
546,58,156
547,63,160
548,123,158
549,69,171
550,58,179
551,120,168
552,82,169
553,75,175
554,56,147
555,127,172
556,79,176
557,90,172
558,64,156
559,75,175
560,84,170
561,83,170
562,57,179
563,119,179
564,76,149
565,92,163
566,82,164
567,130,158
568,80,178
569,77,166
570,77,156
571,129,169
572,67,162
573,75,183
574,68,161
575,84,153
576,101,165
577,88,166
578,74,149
579,108,179
580,71,161
581,82,178
582,90,164
583,92,166
584,83,168
585,60,167
586,118,167
587,59,170
588,90,164
589,97,172
590,103,172
591,78,166
592,45,154
593,159,174
594,103,183
595,103,151
596,83,169
597,145,180
598,72,153
599,67,168
600,109,178
601,72,164
602,77,182
603,69,178
604,46,146
605,90,165
606,149,182
607,73,172
608,90,163
609,73,159
610,93,179
611,86,168
612,78,156
613,110,170
614,60,172
615,48,173
616,92,173
617,102,165
618,81,172
619,171,166
620,86,164
621,62,154
622,91,164
623,60,152
624,74,182
625,61,156
626,85,181
627,89,170
628,102,153
629,69,163
630,57,166
631,60,154
632,69,170
633,96,168
634,106,179
635,88,183
636,102,164
637,73,164
638,122,167
639,95,174
640,99,163
641,89,154
642,93,177
643,156,167
644,68,168
645,48,152
646,92,175
647,125,171
648,82,172
649,75,166
650,83,152
651,94,169
652,80,170
653,76,150
654,66,170
655,99,165
656,67,183
657,38,139
658,105,183
659,59,158
660,97,170
661,73,172
662,96,160
663,72,173
664,105,179
665,76,160
666,96,174
667,121,179
668,100,161
669,89,170
670,60,167
671,80,161
672,104,167
673,44,149
674,75,176
675,101,161
676,77,156
677,113,164
678,90,146
679,70,156
680,71,169
681,85,174
682,61,163
683,78,183
684,90,181
685,66,164
686,83,174
687,104,169
688,88,157
689,90,178
690,68,166
691,53,144
692,67,154
693,111,159
694,148,162
695,150,163
696,95,171
697,85,162
698,119,169
699,57,172
700,93,189
701,60,173
702,125,174
703,67,171
704,73,158
705,178,185
706,78,152
707,69,152
708,78,166
709,88,156
710,118,180
711,70,155
712,121,178
713,125,188
714,73,161
715,67,186
716,64,176
717,89,186
718,68,171
719,72,180
720,126,178
721,42,150
722,75,179
723,57,173
724,79,162
725,106,163
726,98,184
727,87,167
728,76,172
729,80,182
730,73,177
731,75,166
732,103,173
733,77,169
734,81,157
735,54,145
736,57,160
737,57,145
738,61,164
739,60,145
740,53,168
741,154,185
742,45,140
743,110,152
744,67,166
745,61,156
746,78,175
747,76,164
748,64,171
749,64,143
750,114,173
751,68,161
752,53,154
753,65,159
754,105,175
755,57,167
756,65,165
757,92,171
758,104,158
759,96,174
760,81,166
761,174,173
762,121,178
763,100,179
764,127,176
765,116,177
766,79,159
767,84,160
768,70,170
769,70,151
770,109,180
771,54,151
772,75,157
773,108,171
774,65,164
775,100,169
776,88,158
777,65,160
778,146,186
779,78,154
780,56,152
781,46,154
782,98,148
783,103,164
784,73,148
785,79,185
786,79,176
787,59,155
788,56,151
789,61,149
790,80,146
791,115,180
792,69,159
793,98,168
794,122,169
795,84,166
796,67,157
797,94,166
798,79,158
799,60,153
800,73,149
801,84,155
802,75,167
803,77,172
804,60,153
805,137,166
806,93,165
807,138,181
808,95,174
809,163,192
810,51,155
811,85,169
812,49,165
813,96,170
814,64,154
815,75,180
816,71,161
817,122,176
818,57,171
819,56,150
820,77,185
821,77,174
822,74,163
823,65,166
824,116,175
825,76,167
826,59,158
827,74,172
828,88,169
829,76,173
830,75,160
831,77,175
832,69,171
833,91,169
834,48,160
835,92,162
836,73,156
837,71,164
838,71,152
839,85,147
840,80,171
841,107,176
842,116,183
843,95,158
844,91,169
845,66,170
846,65,161
847,88,180
848,75,156
849,96,193
850,57,152
851,54,154
852,85,189
853,81,171
854,79,149
855,76,173
856,67,169
857,92,155
858,100,178
859,89,169
860,92,156
861,93,185
862,48,160
863,91,154
864,80,164
865,61,155
866,100,172
867,52,157
868,59,154
869,99,173
870,97,182
871,59,151
872,55,168
873,118,171
874,87,182
875,54,173
876,120,172
877,96,171
878,69,165
879,110,177
880,67,156
881,72,160
882,94,163
883,99,164
884,77,163
885,85,154
886,79,162
887,105,180
888,116,165
889,65,174
890,106,178
891,103,178
892,84,179
893,59,167
894,90,173
895,110,174
896,85,164
897,56,158
898,55,159
899,52,169
900,99,175
901,64,171
902,63,160
903,76,159
904,63,156
905,122,152
906,67,167
907,81,174
908,97,158
909,79,169
910,71,190
911,60,154
912,86,178
913,116,162
914,105,176
915,89,195
916,58,161
917,75,164
918,105,165
919,59,165
920,86,174
921,124,169
922,57,155
923,77,168
924,56,160
925,45,154
926,71,165
927,96,152
928,99,168
929,90,190
930,62,167
931,99,170
932,112,149
933,68,155
934,77,182
935,60,167
936,104,170
937,93,179
938,72,161
939,67,170
940,51,156
941,59,168
942,83,164
943,84,174
944,130,187
945,52,146
946,112,169
947,242,167
948,66,158
949,61,163
950,75,170
951,107,188
952,105,178
953,102,175
954,86,153
955,109,185
956,152,189
957,71,180
958,59,143
959,53,152
960,122,164
961,57,161
962,90,172
963,95,173
964,98,182
965,50,154
966,74,163
967,99,175
968,90,172
969,146,182
970,79,170
971,67,173
972,204,165
973,70,171
974,79,153
975,71,165
976,78,164
977,88,181
978,74,158
979,131,157
980,95,160
981,86,161
982,100,158
983,67,155
984,136,179
985,75,179
986,90,173
987,94,178
988,84,181
989,48,160
990,134,173
991,68,161
992,56,168
993,69,154
994,71,164
995,69,149
996,70,173
997,79,165
998,94,172
999,87,173
1000,47,159
1001,68,151
1002,75,169
1003,65,150
1004,64,161
1005,69,174
1006,125,159
1007,67,172
1008,80,176
1009,105,191
1010,80,162
1011,64,168
1012,82,179
1013,76,159
1014,60,155
1015,136,162
1016,94,161
1017,68,174
1018,86,177
1019,82,174
1020,73,173
1021,105,180
1022,94,182
1023,63,154
1024,103,155
1025,68,151
1026,104,177
1027,84,170
1028,61,159
1029,102,176
1030,80,162
1031,46,148
1032,95,176
1033,70,159
1034,86,175
1035,61,173
1036,78,155
1037,75,159
1038,100,169
1039,54,168
1040,72,157
1041,85,175
1042,93,182
1043,62,175
1044,66,159
1045,106,184
1046,109,153
1047,83,175
1048,98,176
1049,61,168
1050,60,177
1051,81,154
1052,121,190
1053,75,162
1054,112,181
1055,70,178
1056,107,172
1057,81,156
1058,62,161
1059,91,168
1060,72,161
1061,90,171
1062,100,181
1063,45,153
1064,79,163
1065,90,162
1066,100,176
1067,74,159
1068,98,147
1069,76,158
1070,99,174
1071,89,176
1072,82,173
1073,93,173
1074,131,162
1075,102,186
1076,81,157
1077,135,155
1078,68,159
1079,177,182
1080,94,155
1081,91,146
1082,93,170
1083,106,159
1084,62,153
1085,102,175
1086,79,178
1087,72,168
1088,65,161
1089,88,176
1090,84,163
1091,60,171
1092,73,158
1093,86,162
1094,86,180
1095,50,153
1096,88,174
1097,82,155
1098,84,172
1099,75,163
1100,58,165
1101,47,146
1102,86,161
1103,79,151
1104,98,171
1105,61,161
1106,113,180
1107,84,174
1108,92,166
1109,109,183
1110,77,165
1111,56,171
1112,100,163
1113,150,167
1114,74,151
1115,158,180
1116,120,181
1117,61,146
1118,77,153
1119,59,152
1120,52,161
1121,150,195
1122,159,162
1123,99,161
1124,97,157
1125,106,164
1126,55,159
1127,98,166
1128,86,173
1129,66,157
1130,68,170
1131,103,156
1132,78,167
1133,128,179
1134,97,176
1135,73,176
1136,82,175
1137,68,176
1138,64,154
1139,94,168
1140,70,177
1141,61,165
1142,127,168
1143,62,157
1144,89,146
1145,53,161
1146,79,169
1147,115,166
1148,81,176
1149,97,174
1150,86,172
1151,135,165
1152,70,161
1153,65,167
1154,66,167
1155,74,173
1156,63,164
1157,75,172
1158,89,171
1159,102,184
1160,62,161
1161,90,176
1162,54,163
1163,112,162
1164,77,165
1165,74,155
1166,104,169
1167,80,187
1168,85,156
1169,81,165
1170,88,156
1171,104,164
1172,127,176
1173,74,162
1174,80,169
1175,90,183
1176,131,171
1177,89,172
1178,81,160
1179,50,158
1180,67,165
1181,97,162
1182,78,174
1183,85,174
1184,75,181
1185,98,175
1186,73,157
1187,92,165
1188,71,152
1189,102,168
1190,82,144
1191,66,168
1192,74,184
1193,96,165
1194,97,157
1195,71,165
1196,68,171
1197,59,171
1198,76,177
1199,51,163
1200,84,173
1201,100,173
1202,74,155
1203,67,155
1204,62,162
1205,97,153
1206,131,163
1207,91,168
1208,70,169
1209,93,160
1210,88,164
1211,114,162
1212,102,174
1213,79,155
1214,78,164
1215,85,170
1216,69,155
1217,84,174
1218,77,168
1219,66,163
1220,72,176
1221,69,150
1222,79,176
1223,89,171
1224,93,159
1225,126,169
1226,65,170
1227,160,184
1228,59,146
1229,49,155
1230,92,160
1231,82,168
1232,82,158
1233,117,181
1234,61,174
1235,67,153
1236,94,151
1237,131,163
1238,72,164
1239,56,163
1240,86,173
1241,56,154
1242,81,174
1243,65,173
1244,75,163
1245,99,176
1246,95,165
1247,85,176
1248,100,185
1249,107,179
1250,93,169
1251,69,154
1252,65,173
1253,65,166
1254,103,164
1255,39,155
1256,61,164
1257,63,160
1258,43,146
1259,127,164
1260,48,166
1261,54,158
1262,50,156
1263,61,156
1264,64,180
1265,61,161
1266,83,156
1267,116,183
1268,74,159
1269,52,162
1270,149,182
1271,125,181
1272,61,165
1273,59,180
1274,91,170
1275,124,176
1276,111,174
1277,111,165
1278,170,174
1279,70,169
1280,79,157
1281,59,156
1282,68,161
1283,77,149
1284,79,161
1285,49,150
1286,72,164
1287,93,156
1288,52,163
1289,73,170
1290,80,169
1291,67,156
1292,50,158
1293,87,171
1294,122,160
1295,52,154
1296,73,172
1297,65,155
1298,51,150
1299,64,179
1300,92,157
1301,59,153
1302,70,163
1303,93,162
1304,84,167
1305,81,172
1306,52,163
1307,84,164
1308,80,165
1309,93,169
1310,70,154
1311,100,178
1312,53,163
1313,69,162
1314,102,170
1315,101,172
1316,95,157
1317,125,168
1318,86,178
1319,65,156
1320,89,155
1321,81,166
1322,59,184
1323,112,159
1324,153,165
1325,134,175
1326,116,163
1327,76,182
1328,121,186
1329,72,147
1330,89,164
1331,71,164
1332,63,149
1333,79,157
1334,121,162
1335,69,161
1336,69,169
1337,98,155
1338,96,178
1339,69,158
1340,91,178
1341,97,161
1342,60,164
1343,107,169
1344,87,175
1345,86,179
1346,74,170
1347,85,170
1348,80,156
1349,39,151
1350,72,155
1351,74,174
1352,134,177
1353,119,162
1354,100,173
1355,52,167
1356,94,176
1357,69,156
1358,79,169
1359,51,158
1360,56,159
1361,81,180
1362,70,170
1363,130,184
1364,84,175
1365,64,172
1366,88,162
1367,117,154
1368,107,182
1369,75,154
1370,73,172
1371,70,183
1372,55,154
1373,78,160
1374,39,155
1375,85,166
1376,90,167
1377,96,162
1378,91,173
1379,70,172
1380,76,152
1381,74,159
1382,83,156
1383,83,168
1384,70,165
1385,119,159
1386,57,150
1387,60,149
1388,78,159
1389,88,159
1390,66,166
1391,73,161
1392,114,163
1393,69,165
1394,87,167
1395,64,168
1396,113,172
1397,88,174
1398,58,166
1399,51,163
1400,110,188
1401,66,162
1402,78,178
1403,96,171
1404,74,164
1405,73,157
1406,78,159
1407,72,166
1408,79,184
1409,86,170
1410,96,176
1411,66,158
1412,101,156
1413,119,173
1414,96,167
1415,111,175
1416,124,158
1417,123,167
1418,54,159
1419,73,176
1420,155,160
1421,93,189
1422,79,154
1423,91,177
1424,79,166
1425,90,162
1426,68,155
1427,70,164
1428,60,163
1429,78,181
1430,100,178
1431,76,162
1432,126,164
1433,56,172
1434,79,158
1435,122,173
1436,63,167
1437,91,165
1438,70,165
1439,82,158
1440,109,173
1441,67,161
1442,80,174
1443,81,155
1444,97,188
1445,55,150
1446,83,154
1447,84,170
1448,78,164
1449,74,160
1450,47,163
1451,119,165
1452,170,160
1453,95,180
1454,51,157
1455,108,166
1456,110,191
1457,99,159
1458,143,175
1459,90,164
1460,102,179
1461,125,181
1462,71,156
1463,158,182
1464,98,181
1465,57,151
1466,105,170
1467,61,164
1468,62,169
1469,87,184
1470,79,166
1471,65,178
1472,78,163
1473,94,164
1474,92,175
1475,85,158
1476,71,162
1477,109,159
1478,84,153
1479,93,177
1480,142,177
1481,83,185
1482,83,165
1483,88,185
1484,53,167
1485,81,176
1486,98,176
1487,126,180
1488,102,164
1489,107,170
1490,96,165
1491,93,184
1492,94,158
1493,70,179
1494,58,155
1495,106,162
1496,80,171
1497,106,158
1498,71,167
1499,75,153
1500,131,166
1501,59,165
1502,102,169
1503,63,160
1504,65,161
1505,77,169
1506,84,170
1507,109,187
1508,56,164
1509,81,166
1510,84,160
1511,70,161
1512,63,161
1513,125,191
1514,56,164
1515,61,158
1516,74,161
1517,69,171
1518,98,184
1519,61,160
1520,117,184
1521,110,180
1522,141,157
1523,58,172
1524,78,170
1525,90,159
1526,118,180
1527,73,171
1528,87,161
1529,46,156
1530,61,159
1531,96,173
1532,57,163
1533,89,173
1534,125,165
1535,59,145
1536,86,176
1537,83,181
1538,79,166
1539,56,160
1540,105,171
1541,77,155
1542,64,158
1543,90,155
1544,80,162
1545,75,166
1546,122,169
1547,125,170
1548,87,174
1549,59,153
1550,65,169
1551,74,174
1552,70,154
1553,104,164
1554,139,169
1555,150,179
1556,79,158
1557,53,150
1558,71,167
1559,65,163
1560,47,155
1561,118,180
1562,82,157
1563,85,173
1564,76,168
1565,88,165
1566,87,170
1567,75,167
1568,67,179
1569,83,159
1570,112,161
1571,81,166
1572,120,184
1573,50,164
1574,105,182
1575,65,177
1576,64,151
1577,85,176
1578,88,189
1579,77,173
1580,113,188
1581,129,170
1582,75,172
1583,103,176
1584,63,175
1585,79,155
1586,95,175
1587,83,168
1588,58,171
1589,108,178
1590,105,164
1591,120,159
1592,82,164
1593,48,155
1594,64,151
1595,83,161
1596,51,150
1597,142,184
1598,117,172
1599,70,154
1600,90,161
1601,78,151
1602,96,153
1603,84,171
1604,58,163
1605,70,172
1606,107,175
1607,74,169
1608,60,166
1609,63,157
1610,89,166
1611,94,161
1612,74,157
1613,96,172
1614,57,151
1615,77,159
1616,91,157
1617,142,175
1618,75,159
1619,103,169
1620,87,181
1621,78,181
1622,83,174
1623,78,165
1624,64,164
1625,86,179
1626,72,167
1627,95,174
1628,109,155
1629,167,177
1630,85,169
1631,57,162
1632,91,170
1633,83,170
1634,127,177
1635,75,148
1636,90,160
1637,82,163
1638,86,169
1639,76,172
1640,95,161
1641,98,177
1642,76,176
1643,126,183
1644,65,161
1645,66,170
1646,115,169
1647,95,175
1648,91,159
1649,132,161
1650,56,149
1651,71,153
1652,50,152
1653,63,164
1654,76,188
1655,77,177
1656,95,164
1657,89,149
1658,100,180
1659,70,183
1660,104,158
1661,60,157
1662,96,167
1663,101,180
1664,73,169
1665,86,170
1666,127,172
1667,69,168
1668,60,158
1669,97,179
1670,77,148
1671,55,170
1672,79,165
1673,113,161
1674,128,163
1675,79,174
1676,77,162
1677,75,175
1678,84,177
1679,100,174
1680,98,182
1681,60,162
1682,50,157
1683,48,146
1684,88,159
1685,72,153
1686,98,185
1687,183,194
1688,58,174
1689,93,154
1690,53,152
1691,118,167
1692,101,165
1693,81,172
1694,77,169
1695,65,158
1696,119,159
1697,62,158
1698,51,161
1699,68,158
1700,118,171
1701,82,188
1702,74,175
1703,130,182
1704,73,165
1705,46,145
1706,86,152
1707,62,158
1708,94,150
1709,72,165
1710,135,174
1711,75,156
1712,80,170
1713,87,156
1714,88,177
1715,72,171
1716,176,176
1717,69,154
1718,137,185
1719,62,151
1720,50,151
1721,97,160
1722,75,170
1723,71,152
1724,66,157
1725,122,165
1726,66,157
1727,91,177
1728,73,174
1729,98,170
1730,135,182
1731,98,180
1732,68,159
1733,62,153
1734,62,170
1735,100,154
1736,99,163
1737,89,169
1738,109,176
1739,82,169
1740,115,170
1741,99,158
1742,69,166
1743,77,165
1744,56,174
1745,66,151
1746,110,177
1747,55,158
1748,118,181
1749,98,181
1750,65,158
1751,96,152
1752,49,156
1753,55,156
1754,90,164
1755,112,175
1756,90,171
1757,67,171
1758,69,163
1759,91,163
1760,90,172
1761,90,177
1762,128,162
1763,78,172
1764,67,171
1765,116,157
1766,84,167
1767,75,165
1768,86,159
1769,120,155
1770,87,166
1771,82,152
1772,61,147
1773,93,174
1774,58,166
1775,71,157
1776,52,165
1777,82,161
1778,64,164
1779,79,182
1780,76,157
1781,68,162
1782,130,163
1783,72,173
1784,78,169
1785,53,148
1786,90,166
1787,51,154
1788,48,157
1789,104,183
1790,94,167
1791,59,151
1792,92,164
1793,97,160
1794,62,157
1795,91,160
1796,70,155
1797,95,178
1798,114,164
1799,92,158
1800,108,173
1801,94,190
1802,74,173
1803,94,145
1804,80,164
1805,77,158
1806,185,179
1807,102,183
1808,104,174
1809,115,178
1810,66,153
1811,76,170
1812,60,159
1813,73,176
1814,86,176
1815,92,160
1816,104,162
1817,78,181
1818,95,171
1819,78,168
1820,55,161
1821,61,159
1822,57,154
1823,101,188
1824,52,161
1825,120,171
1826,133,178
1827,125,180
1828,74,166
1829,67,180
1830,64,169
1831,75,154
1832,74,147
1833,136,160
1834,62,163
1835,89,176
1836,59,163
1837,102,190
1838,90,175
1839,67,159
1840,51,155
1841,82,171
1842,73,174
1843,53,156
1844,87,187
1845,56,180
1846,80,152
1847,77,155
1848,76,172
1849,48,155
1850,47,150
1851,150,171
1852,104,180
1853,110,167
1854,67,149
1855,81,175
1856,66,166
1857,67,161
1858,70,155
1859,110,172
1860,77,165
1861,72,164
1862,105,153
1863,74,175
1864,62,165
1865,107,162
1866,67,176
1867,81,165
1868,74,170
1869,84,169
1870,98,168
1871,58,154
1872,91,188
1873,92,180
1874,100,174
1875,79,163
1876,112,173
1877,81,170
1878,63,161
1879,86,166
1880,86,166
1881,93,176
1882,97,164
1883,97,169
1884,73,165
1885,70,179
1886,79,171
1887,120,187
1888,54,167
1889,71,171
1890,126,185
1891,96,179
1892,36,146
1893,62,160
1894,52,161
1895,49,148
1896,100,179
1897,104,179
1898,90,160
1899,67,168
1900,71,161
1901,122,165
1902,96,171
1903,46,156
1904,106,154
1905,49,164
1906,53,135
1907,47,152
1908,67,183
1909,73,168
1910,82,163
1911,68,167
1912,74,174
1913,79,173
1914,83,159
1915,77,168
1916,75,166
1917,129,196
1918,45,142
1919,83,165
1920,92,174
1921,97,180
1922,70,171
1923,57,161
1924,115,163
1925,86,164
1926,111,181
1927,95,171
1928,115,164
1929,104,162
1930,51,157
1931,94,170
1932,112,165
1933,80,169
1934,80,161
1935,141,170
1936,79,173
1937,65,164
1938,95,152
1939,120,166
1940,105,171
1941,67,166
1942,90,173
1943,88,166
1944,77,162
1945,74,158
1946,99,171
1947,68,171
1948,51,152
1949,117,168
1950,169,173
1951,118,161
1952,91,170
1953,75,160
1954,127,163
1955,100,184
1956,76,168
1957,64,156
1958,88,182
1959,89,173
1960,76,157
1961,75,173
1962,88,157
1963,59,162
1964,93,177
1965,46,144
1966,75,170
1967,95,153
1968,129,175
1969,64,177
1970,79,160
1971,85,158
1972,79,166
1973,69,153
1974,77,173
1975,51,150
1976,49,155
1977,69,159
1978,131,160
1979,45,155
1980,58,177
1981,111,162
1982,151,156
1983,85,173
1984,129,172
1985,53,161
1986,85,157
1987,78,169
1988,75,173
1989,73,172
1990,75,174
1991,80,165
1992,101,160
1993,92,166
1994,87,164
1995,78,180
1996,73,163
1997,50,162
1998,78,164
1999,58,159
2000,76,146
2001,134,191
2002,154,188
2003,86,158
2004,85,144
2005,81,160
2006,79,155
2007,80,176
2008,56,166
2009,99,172
2010,58,148
2011,111,158
2012,92,159
2013,69,166
2014,60,170
2015,62,169
2016,84,150
2017,58,164
2018,69,155
2019,109,158
2020,125,162
2021,56,159
2022,77,162
2023,71,161
2024,50,155
2025,74,172
2026,78,182
2027,80,157
2028,168,175
2029,76,171
2030,79,171
2031,133,167
2032,96,151
2033,93,162
2034,86,177
2035,60,156
2036,92,157
2037,89,167
2038,59,155
2039,74,176
2040,69,171
2041,74,162
2042,70,156
2043,91,168
2044,82,160
2045,69,153
2046,120,178
2047,88,165
2048,76,166
2049,109,185
2050,81,178
2051,63,152
2052,59,157
2053,79,160
2054,68,171
2055,79,154
2056,69,174
2057,64,162
2058,79,147
2059,99,163
2060,80,173
2061,108,179
2062,91,181
2063,72,154
2064,127,162
2065,100,165
2066,62,153
2067,95,168
2068,67,168
2069,63,174
2070,77,177
2071,100,155
2072,76,169
2073,135,179
2074,94,156
2075,70,153
2076,100,172
2077,101,180
2078,84,166
2079,69,154
2080,65,173
2081,124,163
2082,78,157
2083,81,164
2084,69,181
2085,45,159
2086,111,184
2087,98,174
2088,72,168
2089,39,151
2090,54,156
2091,100,180
2092,65,162
2093,78,161
2094,69,158
2095,66,157
2096,72,163
2097,59,171
2098,74,163
2099,70,169
2100,65,162
2101,71,167
2102,70,167
2103,67,171
2104,111,175
2105,84,161
2106,95,171
2107,110,165
2108,94,171
2109,126,175
2110,74,159
2111,51,149
2112,99,171
2113,90,164
2114,69,163
2115,89,158
2116,95,180
2117,78,168
2118,53,155
2119,91,170
2120,67,153
2121,104,177
2122,54,145
2123,113,177
2124,74,174
2125,77,165
2126,49,141
2127,68,158
2128,94,163
2129,90,157
2130,66,146
2131,79,185
2132,71,156
2133,115,164
2134,83,165
2135,79,160
2136,79,154
2137,81,166
2138,93,174
2139,73,162
2140,129,187
2141,70,172
2142,83,154
2143,100,163
2144,101,158
2145,84,182
2146,105,173
2147,84,153
2148,85,175
2149,78,185
2150,137,186
2151,74,164
2152,60,187
2153,59,168
2154,75,172
2155,58,177
2156,84,159
2157,118,169
2158,80,172
2159,70,166
2160,79,187
2161,153,165
2162,45,149
2163,75,163
2164,90,163
2165,60,131
2166,69,179
2167,71,155
2168,87,165
2169,130,181
2170,102,159
2171,52,162
2172,86,158
2173,59,157
2174,61,173
2175,85,165
2176,67,159
2177,52,160
2178,95,161
2179,99,163
2180,54,157
2181,95,172
2182,78,178
2183,132,168
2184,112,183
2185,78,185
2186,59,157
2187,85,162
2188,58,166
2189,86,174
2190,87,168
2191,82,150
2192,97,152
2193,97,159
2194,79,173
2195,122,160
2196,171,159
2197,69,165
2198,76,177
2199,68,181
2200,66,156
2201,78,168
2202,91,175
2203,52,157
2204,71,155
2205,83,169
2206,77,162
2207,180,166
2208,86,164
2209,65,159
2210,81,161
2211,80,169
2212,106,165
2213,60,161
2214,82,160
2215,44,162
2216,77,172
2217,86,164
2218,55,150
2219,68,160
2220,83,181
2221,106,166
2222,66,168
2223,86,180
2224,74,167
2225,98,173
2226,120,171
2227,116,182
2228,70,162
2229,147,167
2230,63,174
2231,70,165
2232,88,159
2233,123,157
2234,77,164
2235,54,161
2236,96,173
2237,53,151
2238,73,155
2239,81,174
2240,73,159
2241,69,158
2242,57,156
2243,77,160
2244,124,183
2245,79,167
2246,56,155
2247,60,159
2248,60,159
2249,56,157
2250,80,155
2251,95,142
2252,56,154
2253,81,180
2254,104,174
2255,75,155
2256,119,159
2257,69,156
2258,63,158
2259,65,164
2260,84,181
2261,106,164
2262,71,176
2263,68,156
2264,131,171
2265,153,172
2266,131,166
2267,81,166
2268,75,176
2269,83,163
2270,87,153
2271,105,165
2272,98,162
2273,51,156
2274,81,169
2275,93,165
2276,91,169
2277,58,143
2278,70,161
2279,107,177
2280,110,186
2281,76,161
2282,68,156
2283,44,162
2284,59,187
2285,47,166
2286,104,162
2287,50,151
2288,49,153
2289,91,188
2290,75,167
2291,102,175
2292,93,166
2293,83,169
2294,86,181
2295,94,173
2296,70,157
2297,86,172
2298,53,146
2299,63,163
2300,86,182
2301,76,158
2302,115,171
2303,84,179
2304,78,175
2305,121,177
2306,76,176
2307,85,160
2308,70,164
2309,74,173
2310,63,165
2311,70,163
2312,83,163
2313,83,180
2314,102,171
2315,54,177
2316,66,171
2317,89,156
2318,122,182
2319,57,151
2320,70,165
2321,66,159
2322,78,175
2323,71,161
2324,79,166
2325,79,151
2326,55,163
2327,61,159
2328,75,172
2329,138,176
2330,97,155
2331,97,174
2332,88,165
2333,94,177
2334,77,177
2335,102,157
2336,63,175
2337,66,152
2338,75,158
2339,51,159
2340,98,173
2341,126,169
2342,73,161
2343,76,166
2344,140,184
2345,96,147
2346,72,172
2347,60,154
2348,75,162
2349,75,152
2350,57,155
2351,57,171
2352,69,168
2353,64,171
2354,125,185
2355,117,171
2356,112,185
2357,69,162
2358,85,150
2359,91,168
2360,70,168
2361,71,167
2362,93,175
2363,97,176
2364,73,170
2365,73,167
2366,119,185
2367,124,181
2368,85,158
2369,53,164
2370,68,164
2371,68,166
2372,121,187
2373,66,174
2374,81,159
2375,64,161
2376,76,170
2377,57,159
2378,140,189
2379,103,179
2380,76,169
2381,57,173
2382,85,174
2383,74,171
2384,93,179
2385,60,156
2386,71,167
2387,94,183
2388,80,179
2389,55,160
2390,76,177
2391,63,168
2392,93,166
2393,92,174
2394,92,174
2395,73,153
2396,77,149
2397,66,157
2398,80,156
2399,56,160
2400,103,169
2401,110,178
2402,130,188
2403,105,183
2404,74,154
2405,71,172
2406,85,178
2407,93,179
2408,82,179
2409,60,164
2410,104,164
2411,74,169
2412,148,183
2413,42,166
2414,81,163
2415,82,170
2416,100,177
2417,60,159
2418,151,178
2419,79,172
2420,55,171
2421,73,158
2422,87,165
2423,113,170
2424,59,176
2425,78,152
2426,66,161
2427,57,168
2428,105,161
2429,86,182
2430,87,165
2431,107,162
2432,85,169
2433,59,162
2434,85,170
2435,71,168
2436,121,181
2437,84,158
2438,88,177
2439,108,166
2440,60,157
2441,89,176
2442,61,151
2443,94,155
2444,55,160
2445,91,170
2446,86,157
2447,84,173
2448,74,174
2449,49,170
2450,75,162
2451,65,166
2452,112,184
2453,62,156
2454,87,153
2455,71,171
2456,66,153
2457,123,181
2458,63,151
2459,76,145
2460,130,163
2461,55,150
2462,65,156
2463,67,152
2464,45,155
2465,82,166
2466,97,169
2467,57,163
2468,145,169
2469,74,174
2470,67,169
2471,89,173
2472,77,173
2473,90,168
2474,74,147
2475,88,163
2476,89,181
2477,73,184
2478,69,166
2479,109,178
2480,73,165
2481,71,165
2482,91,155
2483,79,175
2484,91,172
2485,90,164
2486,86,168
2487,58,158
2488,92,150
2489,71,168
2490,67,161
2491,90,182
2492,71,160
2493,131,185
2494,61,159
2495,123,169
2496,86,173
2497,61,147
2498,98,181
2499,99,174
2500,61,165
2501,70,162
2502,86,177
2503,99,177
2504,160,161
2505,77,170
2506,99,179
2507,73,168
2508,75,161
2509,82,158
2510,89,156
2511,110,159
2512,77,163
2513,57,154
2514,74,172
2515,98,190
2516,113,165
2517,57,166
2518,63,165
2519,49,160
2520,87,177
2521,87,175
2522,76,157
2523,126,180
2524,100,185
2525,61,154
2526,53,157
2527,61,155
2528,93,161
2529,104,171
2530,71,161
2531,102,163
2532,96,168
2533,92,193
2534,86,160
2535,133,174
2536,70,146
2537,79,163
2538,72,162
2539,77,168
2540,80,168
2541,98,183
2542,92,161
2543,78,180
2544,79,172
2545,99,181
2546,95,175
2547,61,170
2548,74,169
2549,82,178
2550,81,161
2551,109,155
2552,92,172
2553,112,171
2554,66,162
2555,76,163
2556,94,165
2557,109,164
2558,99,164
2559,100,154
2560,132,189
2561,75,173
2562,78,161
2563,109,165
2564,77,170
2565,85,181
2566,92,170
2567,84,167
2568,70,159
2569,72,169
2570,70,166
2571,87,156
2572,98,157
2573,69,163
2574,63,161
2575,107,163
2576,78,159
2577,77,151
2578,53,169
2579,59,157
2580,131,186
2581,78,164
2582,79,175
2583,66,156
2584,101,178
2585,74,161
2586,96,176
2587,79,172
2588,118,164
2589,84,178
2590,62,156
2591,60,163
2592,72,161
2593,80,160
2594,89,172
2595,93,152
2596,89,161
2597,54,169
2598,73,176
2599,86,166
2600,87,191
2601,73,152
2602,62,159
2603,104,170
2604,110,182
2605,79,168
2606,81,159
2607,82,155
2608,101,185
2609,49,153
2610,67,162
2611,63,164
2612,96,180
2613,76,178
2614,98,178
2615,59,161
2616,67,157
2617,97,165
2618,107,183
2619,52,173
2620,56,160
2621,68,158
2622,106,168
2623,95,168
2624,70,162
2625,85,177
2626,74,169
2627,77,167
2628,59,159
2629,67,157
2630,99,178
2631,84,175
2632,85,171
2633,132,188
2634,99,164
2635,101,158
2636,53,153
2637,72,157
2638,50,147
2639,58,171
2640,38,147
2641,66,165
2642,95,169
2643,68,172
2644,63,159
2645,53,185
2646,75,160
2647,80,155
2648,67,176
2649,69,172
2650,57,155
2651,97,176
2652,71,158
2653,66,173
2654,57,150
2655,59,146
2656,53,167
2657,98,173
2658,146,167
2659,66,160
2660,125,161
2661,110,172
2662,60,154
2663,87,150
2664,81,161
2665,80,166
2666,87,165
2667,97,190
2668,72,166
2669,59,165
2670,71,157
2671,62,152
2672,79,168
2673,83,178
2674,122,190
2675,61,173
2676,80,160
2677,94,164
2678,67,143
2679,51,158
2680,79,171
2681,85,166
2682,93,174
2683,80,169
2684,49,156
2685,71,159
2686,83,163
2687,81,158
2688,94,161
2689,82,170
2690,69,164
2691,86,158
2692,42,151
2693,144,191
2694,66,174
2695,83,162
2696,67,186
2697,60,174
2698,62,157
2699,106,167
2700,86,165
2701,54,148
2702,62,152
2703,101,171
2704,84,152
2705,107,181
2706,62,158
2707,73,155
2708,71,164
2709,53,162
2710,97,176
2711,89,163
2712,66,153
2713,64,179
2714,88,159
2715,57,155
2716,75,152
2717,73,155
2718,57,143
2719,97,158
2720,54,162
2721,82,171
2722,83,162
2723,70,162
2724,53,143
2725,53,158
2726,95,172
2727,104,178
2728,65,170
2729,65,161
2730,62,144
2731,48,157
2732,99,174
2733,61,166
2734,83,174
2735,145,167
2736,66,172
2737,65,164
2738,75,177
2739,99,187
2740,98,177
2741,80,163
2742,109,159
2743,62,167
2744,62,155
2745,59,153
2746,94,162
2747,60,161
2748,94,183
2749,55,169
2750,106,183
2751,70,158
2752,79,155
2753,83,166
2754,73,155
2755,81,181
2756,56,162
2757,60,154
2758,56,162
2759,80,171
2760,104,170
2761,86,162
2762,53,160
2763,111,174
2764,53,158
2765,74,154
2766,107,172
2767,66,158
2768,71,171
2769,63,151
2770,83,153
2771,78,171
2772,59,157
2773,93,175
2774,101,168
2775,88,179
2776,66,158
2777,96,171
2778,124,169
2779,59,154
2780,76,163
2781,74,166
2782,55,169
2783,89,159
2784,107,153
2785,94,167
2786,74,172
2787,73,180
2788,94,159
2789,60,165
2790,90,184
2791,141,168
2792,41,156
2793,68,161
2794,92,181
2795,83,157
2796,99,166
2797,79,165
2798,96,169
2799,80,163
2800,86,173
2801,103,163
2802,111,180
2803,68,170
2804,62,153
2805,74,178
2806,80,168
2807,61,158
2808,70,146
2809,106,158
2810,90,158
2811,95,167
2812,75,166
2813,70,163
2814,119,164
2815,47,139
2816,58,162
2817,67,158
2818,84,159
2819,61,152
2820,77,165
2821,63,163
2822,76,166
2823,121,181
2824,89,180
2825,71,177
2826,75,165
2827,71,159
2828,67,164
2829,59,157
2830,79,173
2831,84,171
2832,105,165
2833,113,186
2834,79,173
2835,55,159
2836,119,186
2837,48,158
2838,83,171
2839,56,154
2840,80,174
2841,65,164
2842,64,154
2843,83,174
2844,80,173
2845,93,171
2846,76,152
2847,86,152
2848,106,185
2849,63,148
2850,83,156
2851,78,169
2852,73,158
2853,68,159
2854,73,158
2855,59,166
2856,39,160
2857,77,167
2858,104,172
2859,81,179
2860,73,161
2861,71,162
2862,121,186
2863,96,182
2864,92,171
2865,67,167
2866,87,170
2867,125,187
2868,90,153
2869,78,171
2870,120,168
2871,72,163
2872,64,168
2873,106,178
2874,92,157
2875,133,174
2876,84,168
2877,42,155
2878,68,172
2879,91,156
2880,90,159
2881,98,157
2882,116,175
2883,83,185
2884,131,167
2885,71,178
2886,84,175
2887,69,175
2888,76,174
2889,55,150
2890,68,182
2891,76,171
2892,72,165
2893,82,158
2894,69,170
2895,74,150
2896,63,168
2897,70,167
2898,73,176
2899,130,177
2900,78,176
2901,128,171
2902,84,161
2903,98,179
2904,104,157
2905,72,161
2906,67,172
2907,71,164
2908,121,165
2909,119,172
2910,95,152
2911,64,153
2912,109,173
2913,94,183
2914,67,175
2915,71,170
2916,92,171
2917,94,182
2918,83,174
2919,95,182
2920,59,150
2921,171,162
2922,69,163
2923,84,165
2924,80,155
2925,60,153
2926,49,145
2927,134,177
2928,82,158
2929,78,168
2930,105,170
2931,129,184
2932,99,167
2933,63,158
2934,90,183
2935,88,172
2936,73,183
2937,122,153
2938,133,166
2939,80,172
2940,70,163
2941,52,159
2942,67,174
2943,79,162
2944,60,164
2945,55,158
2946,103,183
2947,69,156
2948,58,159
2949,128,178
2950,86,169
2951,75,181
2952,116,163
2953,102,166
2954,176,177
2955,70,148
2956,47,158
2957,72,178
2958,79,167
2959,52,160
2960,91,165
2961,147,163
2962,74,153
2963,61,153
2964,51,162
2965,95,170
2966,85,170
2967,61,155
2968,126,161
2969,75,176
2970,51,154
2971,69,158
2972,103,163
2973,72,166
2974,79,163
2975,61,153
2976,151,182
2977,82,179
2978,78,168
2979,89,169
2980,112,178
2981,60,164
2982,83,150
2983,71,149
2984,105,174
2985,71,161
2986,121,143
2987,85,162
2988,66,163
2989,94,170
2990,82,160
2991,61,164
2992,100,173
2993,68,157
2994,110,181
2995,86,160
2996,106,160
2997,92,179
2998,69,167
2999,65,164
3000,76,167
3001,116,167
3002,77,168
3003,95,171
3004,64,164
3005,56,158
3006,61,148
3007,80,157
3008,71,162
3009,89,163
3010,80,171
3011,89,187
3012,85,171
3013,72,165
3014,51,163
3015,73,167
3016,73,160
3017,82,155
3018,86,158
3019,70,180
3020,86,153
3021,133,169
3022,65,170
3023,49,155
3024,80,166
3025,82,165
3026,72,160
3027,71,164
3028,86,173
3029,109,169
3030,100,171
3031,94,173
3032,95,168
3033,71,163
3034,69,187
3035,68,171
3036,78,153
3037,74,156
3038,70,169
3039,75,170
3040,58,159
3041,116,180
3042,108,184
3043,114,162
3044,75,176
3045,109,173
3046,87,169
3047,79,166
3048,53,167
3049,134,180
3050,116,169
3051,59,156
3052,120,176
3053,67,166
3054,59,156
3055,64,157
3056,114,165
3057,121,165
3058,79,171
3059,74,163
3060,83,177
3061,92,171
3062,91,166
3063,78,161
3064,80,181
3065,171,173
3066,76,172
3067,110,190
3068,105,173
3069,99,163
3070,124,168
3071,105,185
3072,71,159
3073,56,157
3074,82,179
3075,84,168
3076,70,145
3077,68,155
3078,75,173
3079,70,164
3080,61,171
3081,81,156
3082,84,162
3083,85,177
3084,65,157
3085,70,160
3086,134,172
3087,83,168
3088,111,160
3089,85,165
3090,91,166
3091,106,186
3092,60,159
3093,66,177
3094,78,170
3095,123,176
3096,76,178
3097,85,156
3098,76,171
3099,74,163
3100,79,171
3101,101,176
3102,79,168
3103,57,151
3104,83,178
3105,119,151
3106,49,179
3107,144,165
3108,120,184
3109,124,171
3110,47,150
3111,95,179
3112,92,173
3113,56,161
3114,45,159
3115,51,149
3116,73,184
3117,81,151
3118,83,165
3119,54,147
3120,70,162
3121,78,174
3122,52,151
3123,120,178
3124,66,162
3125,69,159
3126,76,159
3127,99,173
3128,67,165
3129,92,167
3130,92,168
3131,65,172
3132,83,179
3133,80,156
3134,80,159
3135,74,175
3136,79,173
3137,129,179
3138,68,151
3139,67,149
3140,77,185
3141,83,177
3142,60,162
3143,79,157
3144,128,173
3145,63,158
3146,79,167
3147,75,172
3148,85,155
3149,68,175
3150,91,177
3151,60,159
3152,68,159
3153,108,174
3154,61,159
3155,51,161
3156,75,164
3157,83,169
3158,71,184
3159,72,174
3160,110,164
3161,128,181
3162,95,172
3163,59,159
3164,66,173
3165,70,161
3166,95,172
3167,70,151
3168,54,165
3169,75,169
3170,65,159
3171,100,178
3172,104,174
3173,45,163
3174,75,156
3175,97,161
3176,67,174
3177,62,155
3178,73,158
3179,62,159
3180,93,178
3181,95,175
3182,87,165
3183,64,159
3184,76,160
3185,90,167
3186,73,178
3187,101,171
3188,93,177
3189,60,161
3190,65,165
3191,85,166
3192,63,176
3193,88,152
3194,65,169
3195,97,169
3196,101,180
3197,56,160
3198,122,173
3199,104,163
3200,99,165
3201,88,178
3202,85,167
3203,79,157
3204,84,160
3205,73,186
3206,65,153
3207,131,163
3208,86,177
3209,86,174
3210,65,168
3211,87,162
3212,78,178
3213,81,160
3214,68,152
3215,67,170
3216,81,177
3217,126,172
3218,82,148
3219,136,182
3220,91,163
3221,135,164
3222,88,174
3223,69,174
3224,81,155
3225,61,165
3226,79,182
3227,78,172
3228,89,157
3229,57,157
3230,79,182
3231,86,170
3232,54,164
3233,122,181
3234,73,163
3235,75,152
3236,131,165
3237,81,156
3238,75,149
3239,93,172
3240,95,171
3241,57,159
3242,73,154
3243,80,170
3244,120,175
3245,91,156
3246,55,153
3247,77,169
3248,53,163
3249,84,158
3250,77,172
3251,105,184
3252,79,159
3253,47,157
3254,74,164
3255,84,176
3256,67,173
3257,87,164
3258,68,160
3259,46,146
3260,77,168
3261,77,158
3262,77,172
3263,82,155
3264,71,149
3265,125,175
3266,99,185
3267,73,156
3268,77,158
3269,56,176
3270,97,183
3271,69,158
3272,65,167
3273,95,164
3274,45,161
3275,67,153
3276,59,170
3277,72,179
3278,75,179
3279,143,189
3280,104,185
3281,67,175
3282,82,169
3283,113,163
3284,85,163
3285,145,185
3286,70,173
3287,56,167
3288,123,189
3289,57,168
3290,93,182
3291,112,150
3292,92,174
3293,80,159
3294,69,163
3295,63,149
3296,121,183
3297,67,161
3298,85,178
3299,66,144
3300,49,144
3301,80,171
3302,84,167
3303,84,167
3304,71,176
3305,59,161
3306,83,178
3307,89,175
3308,68,166
3309,70,166
3310,86,180
3311,66,150
3312,52,148
3313,59,140
3314,83,154
3315,138,168
3316,95,175
3317,70,170
3318,73,148
3319,63,150
3320,52,151
3321,56,151
3322,106,182
3323,77,166
3324,64,148
3325,79,167
3326,111,176
3327,132,176
3328,90,171
3329,62,172
3330,69,152
3331,66,160
3332,85,154
3333,56,165
3334,118,171
3335,72,166
3336,85,175
3337,77,167
3338,93,171
3339,100,167
3340,96,164
3341,83,160
3342,78,161
3343,64,156
3344,53,153
3345,107,178
3346,97,165
3347,67,159
3348,60,159
3349,110,195
3350,122,165
3351,85,157
3352,51,163
3353,76,165
3354,96,178
3355,100,177
3356,134,179
3357,100,155
3358,72,157
3359,76,149
3360,75,179
3361,49,154
3362,75,170
3363,82,148
3364,60,165
3365,56,160
3366,98,171
3367,96,164
3368,76,170
3369,79,166
3370,88,167
3371,67,171
3372,104,177
3373,82,171
3374,77,149
3375,51,153
3376,73,149
3377,106,158
3378,92,182
3379,97,197
3380,105,170
3381,70,157
3382,85,171
3383,53,160
3384,76,168
3385,88,174
3386,87,191
3387,81,178
3388,83,169
3389,59,156
3390,67,166
3391,84,178
3392,86,164
3393,76,165
3394,83,167
3395,102,171
3396,80,161
3397,64,165
3398,68,170
3399,54,157
3400,81,161
3401,48,156
3402,61,165
3403,51,160
3404,76,173
3405,65,157
3406,92,172
3407,79,178
3408,139,183
3409,68,170
3410,76,162
3411,62,161
3412,77,164
3413,100,164
3414,75,154
3415,108,169
3416,74,155
3417,86,187
3418,83,177
3419,71,144
3420,89,172
3421,72,155
3422,98,189
3423,63,166
3424,68,156
3425,127,173
3426,97,157
3427,97,152
3428,81,162
3429,87,158
3430,58,162
3431,133,174
3432,108,158
3433,76,159
3434,65,170
3435,126,162
3436,109,167
3437,64,151
3438,157,182
3439,73,161
3440,44,145
3441,83,170
3442,81,167
3443,61,159
3444,83,169
3445,89,178
3446,61,158
3447,90,174
3448,75,165
3449,62,156
3450,77,170
3451,101,180
3452,70,158
3453,84,155
3454,56,160
3455,107,178
3456,73,153
3457,100,161
3458,92,170
3459,84,161
3460,156,164
3461,65,155
3462,78,164
3463,83,155
3464,70,166
3465,85,167
3466,91,177
3467,56,145
3468,68,165
3469,85,182
3470,103,167
3471,85,176
3472,55,146
3473,75,160
3474,92,157
3475,86,168
3476,66,166
3477,61,172
3478,113,184
3479,65,167
3480,154,160
3481,70,154
3482,83,159
3483,54,149
3484,64,160
3485,64,165
3486,89,179
3487,65,170
3488,95,187
3489,107,172
3490,119,176
3491,113,167
3492,75,150
3493,86,168
3494,71,160
3495,81,173
3496,84,168
3497,75,164
3498,79,175
3499,57,154
3500,54,161
3501,92,179
3502,79,170
3503,47,155
3504,55,164
3505,77,175
3506,70,165
3507,78,158
3508,85,162
3509,78,179
3510,78,164
3511,54,171
3512,96,159
3513,99,161
3514,135,166
3515,71,169
3516,75,153
3517,90,168
3518,100,180
3519,102,161
3520,71,155
3521,71,176
3522,63,165
3523,68,165
3524,86,159
3525,120,176
3526,91,175
3527,72,177
3528,78,171
3529,71,179
3530,70,160
3531,131,178
3532,105,189
3533,99,163
3534,121,160
3535,106,157
3536,75,160
3537,59,165
3538,71,172
3539,58,149
3540,90,192
3541,51,159
3542,115,177
3543,66,155
3544,61,156
3545,85,161
3546,83,155
3547,66,154
3548,95,178
3549,91,164
3550,101,162
3551,73,177
3552,80,172
3553,56,164
3554,140,166
3555,88,174
3556,86,183
3557,89,178
3558,72,175
3559,99,161
3560,71,155
3561,67,158
3562,86,174
3563,57,157
3564,118,178
3565,75,158
3566,112,175
3567,78,172
3568,80,165
3569,90,165
3570,93,156
3571,100,161
3572,78,166
3573,161,175
3574,97,155
3575,55,164
3576,87,182
3577,106,162
3578,66,180
3579,125,185
3580,81,151
3581,71,174
3582,88,164
3583,67,164
3584,84,158
3585,88,167
3586,69,146
3587,55,150
3588,111,181
3589,104,157
3590,64,157
3591,76,160
3592,96,173
3593,107,164
3594,75,162
3595,79,169
3596,81,185
3597,77,169
3598,84,171
3599,95,176
3600,133,184
3601,104,166
3602,49,159
3603,80,170
3604,89,161
3605,66,181
3606,68,161
3607,65,159
3608,116,170
3609,83,157
3610,93,166
3611,76,157
3612,50,144
3613,107,165
3614,72,176
3615,128,170
3616,69,163
3617,62,164
3618,60,176
3619,97,174
3620,93,183
3621,95,162
3622,120,184
3623,82,185
3624,85,173
3625,74,153
3626,76,168
3627,79,168
3628,94,178
3629,47,151
3630,92,187
3631,80,181
3632,89,157
3633,152,194
3634,64,164
3635,75,162
3636,67,161
3637,80,175
3638,84,181
3639,109,171
3640,101,181
3641,101,170
3642,85,157
3643,58,173
3644,75,185
3645,98,172
3646,77,169
3647,82,161
3648,98,168
3649,83,175
3650,93,169
3651,88,164
3652,49,163
3653,67,166
3654,66,167
3655,89,179
3656,74,163
3657,62,169
3658,114,187
3659,94,168
3660,85,152
3661,78,171
3662,82,182
3663,68,154
3664,105,164
3665,65,165
3666,50,153
3667,125,169
3668,71,168
3669,92,155
3670,67,173
3671,64,166
3672,86,169
3673,134,187
3674,64,165
3675,100,159
3676,59,148
3677,75,157
3678,110,157
3679,77,175
3680,99,174
3681,103,186
3682,102,176
3683,65,151
3684,89,168
3685,62,157
3686,115,167
3687,85,174
3688,73,171
3689,102,183
3690,125,174
3691,62,161
3692,97,173
3693,110,161
3694,71,158
3695,154,186
3696,94,174
3697,62,166
3698,43,160
3699,67,161
3700,159,167
3701,96,163
3702,127,161
3703,91,167
3704,98,165
3705,81,175
3706,60,156
3707,88,164
3708,59,164
3709,60,145
3710,73,181
3711,66,175
3712,70,171
3713,84,175
3714,91,169
3715,84,181
3716,89,169
3717,75,157
3718,75,152
3719,82,176
3720,99,155
3721,64,167
3722,146,192
3723,111,162
3724,86,185
3725,64,170
3726,112,161
3727,70,170
3728,104,163
3729,79,152
3730,82,168
3731,61,159
3732,83,175
3733,164,179
3734,72,171
3735,78,151
3736,68,173
3737,97,173
3738,108,170
3739,77,171
3740,100,178
3741,99,153
3742,79,155
3743,79,156
3744,118,170
3745,44,153
3746,114,169
3747,63,164
3748,66,164
3749,110,159
3750,91,169
3751,96,182
3752,96,150
3753,111,171
3754,88,168
3755,56,154
3756,88,158
3757,108,166
3758,94,156
3759,92,176
3760,83,166
3761,84,168
3762,77,175
3763,99,173
3764,91,182
3765,63,159
3766,52,151
3767,50,152
3768,71,172
3769,51,170
3770,58,156
3771,54,160
3772,70,164
3773,71,175
3774,74,176
3775,85,160
3776,62,176
3777,155,172
3778,73,180
3779,86,170
3780,73,151
3781,56,156
3782,43,159
3783,66,173
3784,120,176
3785,67,166
3786,80,170
3787,118,165
3788,77,170
3789,186,182
3790,71,166
3791,127,168
3792,83,177
3793,100,165
3794,77,155
3795,123,187
3796,53,153
3797,51,170
3798,66,166
3799,59,152
3800,97,166
3801,96,169
3802,80,169
3803,95,158
3804,69,175
3805,130,163
3806,52,158
3807,65,156
3808,95,189
3809,102,163
3810,105,144
3811,59,165
3812,59,168
3813,110,187
3814,97,172
3815,76,161
3816,82,177
3817,71,164
3818,87,174
3819,83,161
3820,69,152
3821,127,159
3822,85,162
3823,105,169
3824,124,160
3825,75,149
3826,46,163
3827,54,154
3828,65,164
3829,59,155
3830,71,151
3831,92,178
3832,108,167
3833,85,161
3834,81,171
3835,75,159
3836,75,164
3837,82,158
3838,119,175
3839,88,181
3840,81,171
3841,65,168
3842,109,168
3843,85,173
3844,72,171
3845,47,155
3846,46,155
3847,70,171
3848,65,150
3849,121,169
3850,75,165
3851,71,168
3852,97,167
3853,77,169
3854,87,169
3855,65,172
3856,75,158
3857,72,166
3858,67,161
3859,103,157
3860,81,166
3861,51,156
3862,77,173
3863,64,152
3864,77,168
3865,76,169
3866,78,174
3867,76,175
3868,59,154
3869,78,173
3870,81,163
3871,100,163
3872,59,165
3873,66,172
3874,51,153
3875,71,169
3876,67,161
3877,56,167
3878,105,179
3879,96,167
3880,60,158
3881,163,160
3882,61,169
3883,83,172
3884,96,165
3885,94,156
3886,108,166
3887,58,151
3888,67,162
3889,57,157
3890,109,162
3891,204,175
3892,53,162
3893,55,168
3894,89,185
3895,102,159
3896,51,151
3897,97,166
3898,115,166
3899,92,171
3900,125,173
3901,56,163
3902,94,193
3903,59,157
3904,66,154
3905,49,163
3906,85,172
3907,78,167
3908,59,178
3909,65,166
3910,91,163
3911,58,153
3912,83,171
3913,72,166
3914,96,171
3915,64,169
3916,69,166
3917,88,174
3918,62,172
3919,95,182
3920,84,167
3921,92,180
3922,50,164
3923,82,157
3924,54,155
3925,58,162
3926,63,175
3927,95,177
3928,104,171
3929,86,170
3930,89,174
3931,42,150
3932,101,182
3933,107,165
3934,72,174
3935,58,158
3936,83,169
3937,109,164
3938,75,162
3939,70,148
3940,83,177
3941,70,160
3942,80,166
3943,60,177
3944,73,157
3945,82,171
3946,61,159
3947,98,166
3948,63,174
3949,73,143
3950,68,157
3951,111,173
3952,68,160
3953,65,166
3954,79,173
3955,92,170
3956,62,162
3957,75,166
3958,67,158
3959,68,180
3960,52,142
3961,104,181
3962,56,157
3963,65,158
3964,59,156
3965,61,163
3966,82,153
3967,67,160
3968,104,168
3969,83,171
3970,87,172
3971,64,161
3972,53,153
3973,83,152
3974,164,181
3975,42,148
3976,79,155
3977,87,156
3978,80,150
3979,161,162
3980,201,159
3981,71,165
3982,39,149
3983,72,154
3984,91,169
3985,105,170
3986,63,148
3987,69,156
3988,66,155
3989,119,168
3990,74,147
3991,71,166
3992,104,171
3993,86,162
3994,60,149
3995,75,179
3996,94,159
3997,84,161
3998,81,162
3999,103,171
4000,61,149
4001,70,157
4002,44,162
4003,65,156
4004,108,159
4005,109,179
4006,72,164
4007,57,149
4008,75,163
4009,85,184
4010,81,156
4011,49,153
4012,149,191
4013,50,167
4014,97,178
4015,70,154
4016,62,164
4017,68,168
4018,105,174
4019,127,167
4020,105,166
4021,60,158
4022,80,168
4023,114,162
4024,93,163
4025,84,164
4026,93,198
4027,45,151
4028,63,153
4029,81,152
4030,101,184
4031,68,157
4032,107,188
4033,81,170
4034,70,157
4035,61,168
4036,77,161
4037,73,175
4038,85,174
4039,89,160
4040,88,162
4041,110,179
4042,52,162
4043,115,161
4044,63,158
4045,162,169
4046,84,156
4047,63,162
4048,74,160
4049,77,171
4050,70,174
4051,58,152
4052,79,173
4053,83,152
4054,70,169
4055,98,174
4056,70,157
4057,47,158
4058,52,148
4059,76,155
4060,76,179
4061,112,178
4062,77,168
4063,66,158
4064,78,173
4065,107,177
4066,121,163
4067,37,141
4068,62,159
4069,52,156
4070,94,179
4071,108,181
4072,82,163
4073,90,163
4074,116,187
4075,50,151
4076,54,174
4077,107,178
4078,105,176
4079,110,163
4080,101,167
4081,74,162
4082,49,158
4083,84,165
4084,79,164
4085,56,174
4086,60,153
4087,56,170
4088,62,170
4089,76,173
4090,102,179
4091,62,163
4092,51,154
4093,157,172
4094,110,178
4095,125,174
4096,87,174
4097,103,169
4098,92,164
4099,49,144
4100,80,159
4101,114,172
4102,111,177
4103,70,154
4104,112,176
4105,68,165
4106,79,158
4107,81,175
4108,78,156
4109,106,182
4110,52,153
4111,58,148
4112,58,143
4113,77,156
4114,115,171
4115,83,155
4116,96,150
4117,77,158
4118,90,172
4119,67,172
4120,70,180
4121,54,164
4122,67,156
4123,71,144
4124,71,170
4125,86,163
4126,113,181
4127,75,177
4128,88,173
4129,95,163
4130,103,168
4131,83,164
4132,91,167
4133,78,167
4134,81,179
4135,122,181
4136,73,192
4137,117,168
4138,95,169
4139,55,165
4140,47,153
4141,113,184
4142,127,175
4143,75,160
4144,72,172
4145,65,161
4146,88,175
4147,90,181
4148,69,177
4149,110,175
4150,73,168
4151,74,165
4152,111,161
4153,62,167
4154,70,174
4155,75,157
4156,99,159
4157,135,163
4158,96,153
4159,54,149
4160,67,154
4161,83,169
4162,70,172
4163,119,179
4164,78,170
4165,130,186
4166,56,151
4167,70,162
4168,65,148
4169,57,150
4170,96,161
4171,63,162
4172,67,167
4173,89,165
4174,85,165
4175,90,184
4176,74,171
4177,96,169
4178,127,175
4179,105,168
4180,70,166
4181,100,177
4182,71,167
4183,144,154
4184,90,169
4185,81,170
4186,60,168
4187,68,179
4188,71,166
4189,89,175
4190,72,160
4191,64,160
4192,65,167
4193,84,172
4194,52,158
4195,77,176
4196,97,145
4197,80,164
4198,94,178
4199,60,163
4200,118,185
4201,81,145
4202,101,167
4203,68,158
4204,45,158
4205,59,162
4206,75,168
4207,81,176
4208,74,143
4209,53,158
4210,86,155
4211,57,163
4212,79,178
4213,66,163
4214,43,151
4215,62,155
4216,146,172
4217,112,163
4218,65,172
4219,94,178
4220,78,160
4221,43,157
4222,44,172
4223,56,154
4224,80,164
4225,69,150
4226,57,149
4227,69,178
4228,75,162
4229,107,150
4230,80,175
4231,158,170
4232,46,145
4233,94,172
4234,71,184
4235,91,168
4236,88,151
4237,69,174
4238,67,166
4239,72,149
4240,117,171
4241,70,177
4242,85,166
4243,59,158
4244,99,192
4245,118,167
4246,100,170
4247,116,173
4248,87,171
4249,117,163
4250,73,185
4251,66,169
4252,117,186
4253,69,155
4254,77,186
4255,59,155
4256,70,175
4257,48,158
4258,68,147
4259,88,166
4260,76,146
4261,89,183
4262,52,143
4263,87,177
4264,119,182
4265,112,175
4266,81,168
4267,111,157
4268,71,151
4269,76,152
4270,62,161
4271,96,168
4272,94,177
4273,77,147
4274,75,165
4275,70,149
4276,63,161
4277,106,172
4278,65,175
4279,87,183
4280,63,158
4281,89,167
4282,72,165
4283,67,165
4284,59,145
4285,47,178
4286,108,178
4287,109,180
4288,95,183
4289,61,167
4290,76,164
4291,103,162
4292,89,157
4293,78,173
4294,98,161
4295,86,168
4296,54,165
4297,104,179
4298,67,169
4299,50,156
4300,49,156
4301,56,164
4302,84,182
4303,76,175
4304,66,157
4305,71,167
4306,67,154
4307,131,168
4308,75,162
4309,71,173
4310,68,166
4311,97,176
4312,72,165
4313,107,162
4314,66,161
4315,49,169
4316,109,185
4317,77,172
4318,106,171
4319,116,161
4320,57,156
4321,55,158
4322,76,179
4323,61,155
4324,88,155
4325,57,163
4326,59,155
4327,86,165
4328,120,184
4329,64,145
4330,61,163
4331,85,172
4332,72,155
4333,94,152
4334,85,160
4335,82,157
4336,96,165
4337,71,167
4338,158,186
4339,140,177
4340,100,176
4341,97,178
4342,90,167
4343,50,164
4344,73,157
4345,70,169
4346,69,152
4347,47,150
4348,81,169
4349,119,176
4350,130,160
4351,63,160
4352,115,159
4353,82,173
4354,72,176
4355,44,149
4356,47,149
4357,101,176
4358,79,166
4359,83,161
4360,85,168
4361,61,159
4362,122,163
4363,96,176
4364,145,185
4365,63,159
4366,56,143
4367,61,161
4368,149,159
4369,71,177
4370,92,162
4371,87,169
4372,73,157
4373,79,173
4374,77,177
4375,93,171
4376,79,167
4377,101,180
4378,73,157
4379,68,154
4380,68,163
4381,50,148
4382,88,153
4383,128,156
4384,77,173
4385,120,179
4386,70,149
4387,69,164
4388,78,176
4389,79,170
4390,103,163
4391,76,184
4392,78,165
4393,82,167
4394,69,175
4395,70,158
4396,71,171
4397,74,162
4398,87,183
4399,83,160
4400,126,175
4401,118,176
4402,49,165
4403,59,161
4404,96,179
4405,79,175
4406,64,164
4407,59,173
4408,60,154
4409,103,163
4410,95,185
4411,101,175
4412,67,149
4413,85,167
4414,76,159
4415,67,157
4416,105,183
4417,74,155
4418,81,158
4419,99,163
4420,93,182
4421,74,152
4422,46,155
4423,63,169
4424,76,157
4425,65,161
4426,107,169
4427,79,168
4428,66,159
4429,80,166
4430,71,173
4431,63,170
4432,74,160
4433,75,154
4434,93,181
4435,115,180
4436,61,176
4437,81,174
4438,100,185
4439,74,162
4440,68,157
4441,90,171
4442,79,151
4443,76,160
4444,104,177
4445,87,181
4446,124,168
4447,100,179
4448,75,176
4449,90,168
4450,55,170
4451,85,168
4452,62,176
4453,72,169
4454,62,158
4455,82,175
4456,81,177
4457,111,174
4458,75,165
4459,79,158
4460,58,176
4461,106,175
4462,85,157
4463,77,151
4464,63,179
4465,74,154
4466,72,156
4467,82,170
4468,86,184
4469,42,152
4470,76,169
4471,145,189
4472,57,162
4473,56,167
4474,78,159
4475,72,154
4476,89,179
4477,67,160
4478,83,164
4479,121,157
4480,53,171
4481,113,168
4482,84,153
4483,72,150
4484,49,158
4485,69,154
4486,57,161
4487,116,161
4488,60,147
4489,74,160
4490,168,162
4491,54,153
4492,93,179
4493,76,176
4494,73,161
4495,103,171
4496,92,179
4497,58,163
4498,69,175
4499,71,166
4500,98,176
4501,70,151
4502,85,155
4503,125,151
4504,87,149
4505,68,143
4506,106,159
4507,89,157
4508,77,165
4509,54,165
4510,69,155
4511,54,148
4512,93,163
4513,84,158
4514,57,164
4515,94,178
4516,86,172
4517,87,171
4518,103,167
4519,100,181
4520,101,180
4521,97,165
4522,66,163
4523,87,183
4524,116,177
4525,71,155
4526,88,186
4527,59,155
4528,100,182
4529,68,164
4530,62,153
4531,129,177
4532,59,143
4533,65,153
4534,93,157
4535,123,188
4536,111,181
4537,66,168
4538,68,165
4539,69,168
4540,48,164
4541,113,170
4542,65,170
4543,62,164
4544,107,189
4545,62,161
4546,53,158
4547,69,166
4548,94,178
4549,85,181
4550,76,187
4551,101,175
4552,68,173
4553,70,176
4554,75,174
4555,54,166
4556,84,167
4557,77,183
4558,73,170
4559,60,166
4560,53,152
4561,61,153
4562,73,147
4563,86,162
4564,68,179
4565,71,157
4566,106,175
4567,89,156
4568,74,177
4569,60,150
4570,71,176
4571,78,173
4572,98,158
4573,86,177
4574,95,176
4575,103,175
4576,49,154
4577,77,154
4578,50,146
4579,148,162
4580,57,151
4581,87,163
4582,59,163
4583,69,184
4584,77,170
4585,165,181
4586,62,155
4587,84,172
4588,102,179
4589,71,163
4590,57,151
4591,40,160
4592,70,159
4593,93,172
4594,87,171
4595,73,168
4596,85,168
4597,101,176
4598,107,180
4599,69,171
4600,83,169
4601,79,168
4602,86,176
4603,89,175
4604,83,171
4605,63,145
4606,48,165
4607,71,157
4608,80,167
4609,91,190
4610,106,171
4611,72,162
4612,88,160
4613,51,156
4614,83,173
4615,119,180
4616,97,167
4617,69,155
4618,70,151
4619,95,163
4620,57,152
4621,79,165
4622,72,155
4623,79,147
4624,69,162
4625,65,153
4626,98,176
4627,92,159
4628,76,173
4629,61,166
4630,84,150
4631,108,167
4632,56,152
4633,88,157
4634,52,155
4635,58,164
4636,98,155
4637,74,151
4638,81,185
4639,47,152
4640,66,164
4641,106,155
4642,107,160
4643,84,173
4644,73,174
4645,94,180
4646,74,172
4647,102,182
4648,68,158
4649,113,177
4650,50,156
4651,57,154
4652,103,168
4653,128,168
4654,69,169
4655,107,174
4656,60,159
4657,71,167
4658,90,179
4659,65,160
4660,70,160
4661,75,158
4662,78,158
4663,99,177
4664,70,157
4665,99,187
4666,77,167
4667,42,147
4668,73,169
4669,71,174
4670,93,179
4671,54,163
4672,53,153
4673,109,184
4674,75,168
4675,82,159
4676,85,182
4677,127,173
4678,62,164
4679,50,174
4680,135,175
4681,67,161
4682,63,147
4683,56,162
4684,75,162
4685,49,168
4686,71,156
4687,65,151
4688,83,185
4689,62,156
4690,62,161
4691,72,156
4692,82,180
4693,87,183
4694,64,168
4695,73,149
4696,66,159
4697,89,152
4698,82,163
4699,136,165
4700,92,186
4701,52,161
4702,93,171
4703,118,154
4704,70,176
4705,112,166
4706,88,168
4707,70,147
4708,86,177
4709,122,169
4710,67,171
4711,74,165
4712,74,171
4713,74,161
4714,68,171
4715,119,179
4716,83,169
4717,48,165
4718,95,170
4719,99,166
4720,154,168
4721,111,187
4722,85,162
4723,52,159
4724,79,167
4725,52,165
4726,78,158
4727,103,157
4728,82,149
4729,82,173
4730,124,170
4731,72,150
4732,55,160
4733,86,152
4734,49,166
4735,87,164
4736,84,158
4737,123,163
4738,102,178
4739,105,156
4740,89,180
4741,114,190
4742,91,159
4743,112,173
4744,70,155
4745,76,161
4746,113,167
4747,109,158
4748,61,168
4749,86,171
4750,66,156
4751,103,175
4752,59,159
4753,97,167
4754,91,163
4755,101,168
4756,70,168
4757,85,164
4758,121,178
4759,69,173
4760,70,175
4761,63,167
4762,67,171
4763,68,178
4764,50,165
4765,87,170
4766,65,176
4767,110,174
4768,69,159
4769,93,180
4770,84,169
4771,72,177
4772,100,156
4773,48,149
4774,76,162
4775,63,168
4776,87,187
4777,73,158
4778,54,163
4779,82,169
4780,80,157
4781,50,150
4782,83,180
4783,82,179
4784,66,157
4785,71,179
4786,84,167
4787,67,163
4788,75,153
4789,88,176
4790,107,173
4791,60,153
4792,86,167
4793,141,174
4794,83,161
4795,79,164
4796,76,168
4797,112,157
4798,94,176
4799,71,168
4800,94,157
4801,68,174
4802,96,162
4803,76,166
4804,79,170
4805,76,160
4806,68,145
4807,61,170
4808,79,159
4809,86,158
4810,102,165
4811,74,162
4812,53,160
4813,71,174
4814,80,174
4815,78,174
4816,83,162
4817,76,164
4818,81,163
4819,70,155
4820,90,168
4821,70,163
4822,63,159
4823,97,175
4824,131,171
4825,81,167
4826,69,161
4827,94,168
4828,81,150
4829,90,164
4830,62,165
4831,70,155
4832,66,165
4833,98,178
4834,110,195
4835,75,182
4836,77,163
4837,89,156
4838,77,155
4839,67,163
4840,64,164
4841,61,173
4842,67,159
4843,62,155
4844,77,155
4845,105,176
4846,80,166
4847,63,155
4848,57,156
4849,78,166
4850,88,177
4851,66,162
4852,61,158
4853,121,163
4854,42,161
4855,64,157
4856,101,166
4857,65,163
4858,129,192
4859,72,151
4860,81,168
4861,68,154
4862,104,159
4863,77,159
4864,130,190
4865,70,159
4866,82,181
4867,57,173
4868,60,155
4869,64,145
4870,68,168
4871,95,166
4872,100,160
4873,137,172
4874,100,176
4875,93,163
4876,84,171
4877,113,176
4878,80,160
4879,98,187
4880,81,162
4881,81,171
4882,106,179
4883,56,163
4884,82,153
4885,67,168
4886,66,146
4887,78,158
4888,65,147
4889,50,138
4890,73,182
4891,117,192
4892,80,170
4893,45,152
4894,124,175
4895,105,163
4896,88,171
4897,69,156
4898,94,180
4899,76,168
4900,80,173
4901,60,163
4902,81,153
4903,103,167
4904,77,156
4905,63,155
4906,87,174
4907,124,161
4908,44,168
4909,94,161
4910,113,153
4911,92,182
4912,68,161
4913,52,176
4914,75,168
4915,113,180
4916,64,156
4917,63,171
4918,64,160
4919,85,173
4920,79,177
4921,76,160
4922,85,163
4923,105,162
4924,48,157
4925,78,181
4926,83,172
4927,97,172
4928,78,161
4929,74,167
4930,131,178
4931,99,161
4932,107,175
4933,80,178
4934,58,149
4935,132,155
4936,70,159
4937,105,189
4938,111,173
4939,53,150
4940,78,154
4941,115,176
4942,110,182
4943,82,170
4944,100,179
4945,66,152
4946,100,165
4947,75,154
4948,66,151
4949,77,173
4950,91,161
4951,69,156
4952,74,152
4953,64,155
4954,74,161
4955,93,173
4956,60,172
4957,78,176
4958,73,169
4959,79,175
4960,66,167
4961,69,172
4962,127,184
4963,158,187
4964,77,145
4965,71,175
4966,111,175
4967,97,170
4968,49,157
4969,62,151
4970,90,165
4971,66,145
4972,111,180
4973,88,160
4974,69,157
4975,74,165
4976,113,172
4977,49,154
4978,78,172
4979,62,149
4980,84,180
4981,84,162
4982,98,177
4983,53,168
4984,79,171
4985,104,179
4986,68,149
4987,97,150
4988,59,152
4989,150,185
4990,76,168
4991,100,165
4992,74,160
4993,76,157
4994,65,146
4995,185,165
4996,89,163
4997,80,178
4998,99,155
4999,112,152
5000,77,172
5001,102,173
5002,98,161
5003,62,163
5004,89,189
5005,89,174
5006,53,154
5007,77,154
5008,68,164
5009,116,163
5010,75,158
5011,100,166
5012,76,159
5013,65,168
5014,75,170
5015,100,172
5016,82,195
5017,89,180
5018,101,168
5019,58,158
5020,91,163
5021,44,150
5022,78,168
5023,64,173
5024,79,160
5025,85,164
5026,81,166
5027,111,180
5028,77,163
5029,74,164
5030,104,158
5031,93,177
5032,108,169
5033,78,174
5034,89,153
5035,62,170
5036,102,170
5037,65,158
5038,89,178
5039,52,156
5040,67,153
5041,86,179
5042,97,175
5043,88,161
5044,66,153
5045,73,159
5046,51,154
5047,61,159
5048,74,168
5049,71,170
5050,68,171
5051,148,181
5052,63,162
5053,62,162
5054,64,166
5055,80,175
5056,65,156
5057,79,171
5058,112,185
5059,76,162
5060,64,160
5061,110,167
5062,68,162
5063,97,160
5064,129,184
5065,63,180
5066,107,152
5067,125,158
5068,64,150
5069,66,163
5070,73,155
5071,86,161
5072,72,169
5073,100,156
5074,64,176
5075,60,154
5076,75,174
5077,65,154
5078,86,157
5079,95,152
5080,104,155
5081,66,163
5082,73,165
5083,67,156
5084,73,155
5085,109,183
5086,77,162
5087,46,174
5088,80,176
5089,74,163
5090,113,175
5091,113,171
5092,71,167
5093,88,166
5094,126,161
5095,61,159
5096,120,178
5097,70,157
5098,88,158
5099,50,154
5100,92,177
5101,78,167
5102,82,168
5103,56,167
5104,104,175
5105,84,170
5106,105,173
5107,69,167
5108,116,180
5109,76,155
5110,71,158
5111,93,179
5112,84,172
5113,157,171
5114,57,151
5115,124,168
5116,100,185
5117,107,177
5118,154,191
5119,111,179
5120,81,152
5121,74,164
5122,67,173
5123,87,169
5124,93,171
5125,86,185
5126,81,165
5127,86,173
5128,82,173
5129,57,154
5130,103,192
5131,67,169
5132,80,172
5133,50,160
5134,57,161
5135,72,171
5136,57,156
5137,71,153
5138,47,150
5139,110,172
5140,53,160
5141,68,174
5142,91,166
5143,99,164
5144,103,188
5145,97,182
5146,67,173
5147,63,166
5148,107,181
5149,87,156
5150,57,158
5151,61,159
5152,62,147
5153,64,158
5154,85,159
5155,86,165
5156,76,173
5157,71,162
5158,47,160
5159,101,179
5160,75,175
5161,86,169
5162,68,176
5163,73,174
5164,74,170
5165,102,174
5166,88,168
5167,89,166
5168,119,175
5169,51,159
5170,61,166
5171,46,153
5172,85,186
5173,50,154
5174,71,167
5175,50,154
5176,92,184
5177,65,172
5178,59,154
5179,95,161
5180,78,173
5181,108,179
5182,123,170
5183,141,171
5184,90,172
5185,61,152
5186,87,194
5187,53,160
5188,90,171
5189,53,171
5190,74,168
5191,63,156
5192,89,164
5193,105,173
5194,50,159
5195,80,159
5196,135,163
5197,63,159
5198,63,149
5199,78,188
5200,76,157
5201,117,182
5202,99,173
5203,98,177
5204,77,162
5205,122,169
5206,70,168
5207,77,171
5208,87,165
5209,91,164
5210,52,163
5211,82,160
5212,75,177
5213,114,178
5214,112,176
5215,91,173
5216,94,180
5217,54,155
5218,43,151
5219,73,176
5220,67,157
5221,56,147
5222,73,174
5223,107,175
5224,79,171
5225,90,178
5226,72,180
5227,79,167
5228,75,174
5229,84,159
5230,66,168
5231,65,159
5232,103,166
5233,97,178
5234,104,166
5235,99,176
5236,75,159
5237,56,149
5238,65,184
5239,108,172
5240,68,158
5241,104,152
5242,119,169
5243,64,157
5244,100,173
5245,67,163
5246,68,153
5247,80,160
5248,63,163
5249,157,177
5250,68,156
5251,76,175
5252,51,165
5253,129,157
5254,100,178
5255,57,157
5256,99,167
5257,83,167
5258,79,168
5259,67,164
5260,124,178
5261,90,169
5262,73,179
5263,46,162
5264,69,165
5265,65,171
5266,97,163
5267,92,178
5268,48,157
5269,86,165
5270,153,169
5271,65,153
5272,60,155
5273,84,166
5274,73,150
5275,99,173
5276,88,170
5277,84,166
5278,72,165
5279,83,160
5280,61,162
5281,73,184
5282,69,167
5283,73,178
5284,84,176
5285,48,154
5286,75,180
5287,55,167
5288,54,151
5289,66,183
5290,61,156
5291,85,171
5292,93,166
5293,91,163
5294,76,172
5295,77,176
5296,82,168
5297,59,186
5298,93,155
5299,57,163
5300,93,163
5301,86,160
5302,81,159
5303,85,166
5304,90,169
5305,86,174
5306,74,176
5307,127,170
5308,65,167
5309,54,156
5310,77,159
5311,80,167
5312,102,167
5313,61,158
5314,78,177
5315,57,160
5316,78,168
5317,79,157
5318,90,142
5319,77,161
5320,62,157
5321,95,186
5322,89,158
5323,99,161
5324,65,163
5325,101,161
5326,67,166
5327,57,165
5328,75,176
5329,87,183
5330,78,168
5331,92,183
5332,104,170
5333,52,156
5334,67,151
5335,82,166
5336,69,163
5337,51,154
5338,73,170
5339,62,158
5340,74,181
5341,78,155
5342,58,148
5343,36,157
5344,83,160
5345,101,166
5346,90,185
5347,108,193
5348,81,170
5349,68,175
5350,93,169
5351,80,165
5352,106,162
5353,87,169
5354,84,155
5355,136,188
5356,131,177
5357,79,148
5358,90,173
5359,62,160
5360,56,152
5361,80,172
5362,77,169
5363,92,183
5364,70,150
5365,95,181
5366,67,176
5367,89,160
5368,53,159
5369,66,150
5370,67,141
5371,49,154
5372,75,175
5373,134,166
5374,88,157
5375,90,176
5376,95,179
5377,69,160
5378,73,182
5379,158,174
5380,85,174
5381,123,155
5382,110,158
5383,54,163
5384,81,152
5385,60,162
5386,105,168
5387,89,173
5388,73,162
5389,117,177
5390,66,154
5391,64,165
5392,60,149
5393,55,163
5394,52,154
5395,82,163
5396,94,176
5397,76,151
5398,106,189
5399,60,164
5400,47,168
5401,81,156
5402,48,160
5403,63,160
5404,138,161
5405,94,176
5406,59,164
5407,68,157
5408,77,161
5409,81,170
5410,63,171
5411,60,153
5412,71,161
5413,78,178
5414,83,171
5415,115,160
5416,84,179
5417,60,160
5418,59,156
5419,69,166
5420,74,179
5421,118,161
5422,82,157
5423,100,154
5424,109,177
5425,74,161
5426,103,163
5427,73,160
5428,68,164
5429,137,182
5430,103,171
5431,91,180
5432,74,159
5433,74,155
5434,70,173
5435,118,178
5436,87,170
5437,100,173
5438,44,163
5439,68,161
5440,48,163
5441,107,162
5442,46,168
5443,92,151
5444,95,168
5445,108,168
5446,99,177
5447,93,184
5448,72,164
5449,52,162
5450,68,159
5451,91,171
5452,67,155
5453,91,160
5454,72,165
5455,76,170
5456,69,160
5457,95,173
5458,63,164
5459,84,161
5460,66,154
5461,61,163
5462,70,145
5463,54,161
5464,84,179
5465,53,157
5466,55,164
5467,65,170
5468,107,177
5469,52,147
5470,64,148
5471,64,165
5472,67,149
5473,101,163
5474,37,158
5475,59,150
5476,110,177
5477,66,153
5478,61,171
5479,61,155
5480,82,153
5481,64,149
5482,81,182
5483,88,175
5484,90,174
5485,82,161
5486,94,179
5487,109,188
5488,68,166
5489,51,161
5490,106,178
5491,52,154
5492,77,178
5493,116,157
5494,75,163
5495,61,161
5496,67,149
5497,62,165
5498,97,175
5499,87,178
5500,65,183
5501,103,191
5502,88,167
5503,53,163
5504,108,163
5505,162,177
5506,100,174
5507,62,152
5508,156,185
5509,88,172
5510,102,156
5511,110,151
5512,57,173
5513,86,166
5514,93,176
5515,106,179
5516,88,149
5517,78,167
5518,60,161
5519,105,163
5520,88,152
5521,68,165
5522,87,182
5523,125,157
5524,53,160
5525,74,171
5526,52,150
5527,84,167
5528,104,164
5529,85,168
5530,58,171
5531,91,173
5532,79,165
5533,55,145
5534,83,154
5535,84,154
5536,125,161
5537,69,160
5538,121,183
5539,84,177
5540,52,154
5541,74,174
5542,87,184
5543,51,153
5544,70,180
5545,103,162
5546,145,159
5547,67,165
5548,74,175
5549,90,178
5550,103,177
5551,96,169
5552,107,153
5553,86,185
5554,112,171
5555,65,173
5556,84,170
5557,80,161
5558,99,178
5559,68,162
5560,101,171
5561,70,160
5562,96,183
5563,78,153
5564,78,155
5565,104,156
5566,67,164
5567,54,163
5568,90,154
5569,118,188
5570,101,160
5571,83,166
5572,64,154
5573,45,150
5574,79,177
5575,67,172
5576,104,170
5577,103,170
5578,74,172
5579,116,173
5580,84,152
5581,132,192
5582,79,164
5583,59,151
5584,83,157
5585,92,154
5586,117,177
5587,76,163
5588,103,170
5589,68,155
5590,109,179
5591,80,162
5592,66,160
5593,64,176
5594,58,147
5595,91,156
5596,64,155
5597,98,170
5598,54,167
5599,64,155
5600,75,147
5601,71,156
5602,79,167
5603,114,179
5604,83,156
5605,119,177
5606,72,172
5607,71,156
5608,93,167
5609,87,153
5610,70,163
5611,48,172
5612,100,175
5613,115,179
5614,97,185
5615,111,181
5616,84,158
5617,108,172
5618,86,171
5619,92,169
5620,147,164
5621,77,163
5622,58,152
5623,49,157
5624,50,151
5625,74,147
5626,82,160
5627,93,164
5628,52,158
5629,61,152
5630,91,178
5631,95,155
5632,74,173
5633,55,157
5634,81,171
5635,79,164
5636,81,180
5637,48,148
5638,95,159
5639,72,159
5640,125,160
5641,105,178
5642,143,180
5643,77,166
5644,84,180
5645,62,174
5646,65,162
5647,125,183
5648,95,172
5649,54,154
5650,122,175
5651,81,157
5652,102,177
5653,93,164
5654,95,178
5655,99,173
5656,101,159
5657,67,160
5658,91,175
5659,71,172
5660,69,157
5661,95,180
5662,79,162
5663,74,172
5664,74,155
5665,51,157
5666,55,157
5667,64,151
5668,81,181
5669,112,180
5670,65,160
5671,78,161
5672,76,152
5673,100,162
5674,108,179
5675,83,173
5676,104,180
5677,67,151
5678,82,173
5679,53,152
5680,76,172
5681,87,164
5682,65,162
5683,103,172
5684,128,164
5685,57,166
5686,64,166
5687,53,158
5688,69,172
5689,50,163
5690,146,170
5691,99,158
5692,98,161
5693,79,159
5694,47,157
5695,71,157
5696,94,169
5697,77,172
5698,92,165
5699,84,162
5700,94,183
5701,56,177
5702,107,166
5703,55,163
5704,126,175
5705,59,157
5706,128,182
5707,90,185
5708,58,175
5709,87,175
5710,82,167
5711,92,142
5712,50,155
5713,76,170
5714,71,172
5715,61,155
5716,49,151
5717,210,160
5718,97,183
5719,85,173
5720,57,159
5721,87,155
5722,140,155
5723,63,152
5724,82,176
5725,68,158
5726,57,172
5727,78,168
5728,111,169
5729,130,170
5730,96,181
5731,73,163
5732,71,178
5733,51,166
5734,58,177
5735,86,181
5736,146,184
5737,63,164
5738,58,166
5739,56,165
5740,87,167
5741,111,162
5742,72,173
5743,49,155
5744,75,172
5745,86,159
5746,100,179
5747,104,186
5748,62,153
5749,58,161
5750,76,164
5751,104,156
5752,83,162
5753,109,177
5754,107,179
5755,112,158
5756,85,173
5757,110,167
5758,147,185
5759,72,153
5760,114,164
5761,68,168
5762,86,151
5763,68,174
5764,103,173
5765,71,155
5766,40,148
5767,86,181
5768,77,180
5769,76,171
5770,95,156
5771,71,170
5772,129,184
5773,82,169
5774,84,176
5775,70,155
5776,62,170
5777,69,164
5778,95,171
5779,55,155
5780,72,157
5781,69,170
5782,79,158
5783,79,162
5784,67,170
5785,99,165
5786,55,160
5787,66,181
5788,70,163
5789,113,171
5790,114,176
5791,118,160
5792,78,157
5793,72,162
5794,105,170
5795,93,189
5796,62,161
5797,105,163
5798,73,159
5799,54,153
5800,63,165
5801,114,180
5802,85,163
5803,56,153
5804,68,175
5805,101,182
5806,90,176
5807,73,156
5808,191,175
5809,85,167
5810,58,155
5811,58,148
5812,67,168
5813,101,175
5814,46,151
5815,109,198
5816,96,169
5817,85,173
5818,68,162
5819,72,161
5820,105,179
5821,98,167
5822,55,143
5823,61,169
5824,197,170
5825,84,162
5826,49,162
5827,87,151
5828,54,172
5829,57,161
5830,72,157
5831,91,174
5832,69,174
5833,89,167
5834,68,163
5835,83,162
5836,73,164
5837,113,180
5838,64,147
5839,39,149
5840,72,182
5841,86,166
5842,59,151
5843,105,163
5844,55,155
5845,54,174
5846,111,169
5847,131,180
5848,59,151
5849,133,167
5850,58,172
5851,99,158
5852,57,144
5853,115,172
5854,122,176
5855,118,174
5856,96,178
5857,91,170
5858,82,168
5859,71,160
5860,70,158
5861,68,165
5862,127,181
5863,87,168
5864,84,165
5865,100,162
5866,81,169
5867,90,187
5868,95,179
5869,73,179
5870,119,175
5871,69,155
5872,106,189
5873,58,174
5874,105,173
5875,95,179
5876,74,175
5877,74,162
5878,67,168
5879,86,180
5880,89,162
5881,116,182
5882,70,148
5883,83,150
5884,89,180
5885,99,183
5886,68,172
5887,110,166
5888,78,179
5889,89,162
5890,86,174
5891,96,183
5892,68,158
5893,91,156
5894,114,182
5895,70,153
5896,98,161
5897,85,183
5898,56,166
5899,178,156
5900,76,172
5901,56,154
5902,66,157
5903,61,170
5904,70,168
5905,63,153
5906,95,185
5907,100,158
5908,67,165
5909,94,159
5910,74,157
5911,76,161
5912,75,185
5913,100,161
5914,71,165
5915,75,158
5916,88,168
5917,104,180
5918,78,167
5919,103,176
5920,59,152
5921,93,177
5922,112,164
5923,103,181
5924,72,151
5925,108,177
5926,61,168
5927,89,171
5928,78,160
5929,76,158
5930,94,176
5931,76,164
5932,64,156
5933,81,166
5934,97,166
5935,103,188
5936,76,162
5937,61,146
5938,92,176
5939,112,159
5940,109,171
5941,72,158
5942,63,163
5943,47,160
5944,71,155
5945,42,151
5946,54,172
5947,112,179
5948,60,173
5949,74,171
5950,56,172
5951,106,173
5952,83,173
5953,74,166
5954,70,167
5955,71,170
5956,53,169
5957,85,159
5958,125,191
5959,62,161
5960,68,154
5961,68,154
5962,116,178
5963,81,166
5964,59,149
5965,78,159
5966,127,166
5967,88,175
5968,72,167
5969,95,167
5970,83,171
5971,65,152
5972,103,175
5973,99,166
5974,117,176
5975,56,175
5976,112,163
5977,77,170
5978,60,175
5979,85,175
5980,57,160
5981,134,156
5982,111,177
5983,133,186
5984,72,176
5985,82,174
5986,81,177
5987,92,169
5988,88,165
5989,83,175
5990,127,188
5991,173,163
5992,79,160
5993,79,173
5994,46,171
5995,125,155
5996,68,152
5997,52,152
5998,90,174
5999,58,149
6000,70,171
6001,64,164
6002,72,175
6003,106,157
6004,68,156
6005,69,157
6006,98,176
6007,198,160
6008,86,174
6009,65,166
6010,63,167
6011,111,180
6012,94,173
6013,105,179
6014,73,160
6015,68,166
6016,89,163
6017,95,180
6018,88,173
6019,74,160
6020,90,173
6021,110,191
6022,74,160
6023,61,165
6024,87,177
6025,99,172
6026,69,160
6027,88,179
6028,53,163
6029,103,181
6030,75,168
6031,88,152
6032,85,163
6033,81,170
6034,121,173
6035,70,162
6036,113,180
6037,108,161
6038,79,160
6039,76,175
6040,60,163
6041,54,163
6042,76,160
6043,70,172
6044,79,167
6045,74,149
6046,134,177
6047,78,151
6048,71,158
6049,94,182
6050,73,171
6051,77,185
6052,65,150
6053,85,159
6054,139,171
6055,72,161
6056,82,180
6057,61,168
6058,97,169
6059,50,163
6060,69,173
6061,106,173
6062,138,166
6063,52,165
6064,62,167
6065,54,155
6066,92,161
6067,68,158
6068,90,161
6069,58,143
6070,61,153
6071,86,176
6072,44,154
6073,53,156
6074,87,175
6075,97,184
6076,56,162
6077,69,163
6078,106,164
6079,90,167
6080,93,170
6081,59,156
6082,97,155
6083,67,168
6084,76,176
6085,85,173
6086,74,164
6087,70,156
6088,84,175
6089,105,183
6090,103,167
6091,44,148
6092,79,178
6093,64,166
6094,77,166
6095,125,157
6096,49,156
6097,70,166
6098,71,177
6099,44,139
6100,112,173
6101,58,151
6102,71,159
6103,65,177
6104,80,168
6105,86,157
6106,63,158
6107,75,157
6108,75,164
6109,66,170
6110,81,172
6111,84,177
6112,46,162
6113,41,141
6114,57,163
6115,89,169
6116,72,161
6117,75,164
6118,62,156
6119,86,168
6120,92,176
6121,83,178
6122,63,167
6123,158,176
6124,55,164
6125,61,166
6126,50,160
6127,83,171
6128,107,165
6129,83,161
6130,138,177
6131,72,166
6132,84,169
6133,106,183
6134,164,190
6135,101,174
6136,110,170
6137,107,168
6138,109,186
6139,86,177
6140,111,158
6141,114,164
6142,66,156
6143,73,162
6144,80,160
6145,86,157
6146,70,166
6147,100,171
6148,96,165
6149,72,158
6150,78,173
6151,97,180
6152,81,175
6153,133,180
6154,106,172
6155,94,183
6156,115,185
6157,219,161
6158,53,158
6159,95,163
6160,76,153
6161,57,175
6162,85,142
6163,81,165
6164,102,169
6165,58,159
6166,92,168
6167,83,158
6168,53,159
6169,140,156
6170,75,166
6171,97,166
6172,112,173
6173,59,170
6174,166,175
6175,69,170
6176,107,174
6177,85,164
6178,69,155
6179,65,164
6180,81,173
6181,92,178
6182,57,163
6183,60,146
6184,86,173
6185,77,145
6186,112,160
6187,84,166
6188,62,181
6189,56,157
6190,120,151
6191,80,168
6192,95,162
6193,70,159
6194,77,179
6195,94,170
6196,46,155
6197,67,174
6198,127,181
6199,70,163
6200,62,164
6201,101,181
6202,82,175
6203,55,172
6204,91,163
6205,88,187
6206,82,176
6207,64,155
6208,66,169
6209,66,169
6210,71,187
6211,96,175
6212,87,168
6213,57,156
6214,71,166
6215,68,155
6216,84,181
6217,124,180
6218,51,159
6219,68,168
6220,79,182
6221,58,159
6222,57,154
6223,79,168
6224,94,174
6225,71,147
6226,79,152
6227,76,164
6228,71,145
6229,132,171
6230,69,147
6231,63,166
6232,69,155
6233,50,160
6234,124,172
6235,81,166
6236,63,156
6237,50,152
6238,129,176
6239,78,173
6240,77,175
6241,66,163
6242,95,154
6243,100,176
6244,86,162
6245,64,154
6246,56,148
6247,123,171
6248,62,167
6249,101,162
6250,70,163
6251,54,162
6252,114,169
6253,84,163
6254,50,154
6255,69,174
6256,71,165
6257,91,156
6258,142,187
6259,110,183
6260,109,171
6261,94,165
6262,98,166
6263,71,168
6264,85,167
6265,63,164
6266,101,169
6267,81,161
6268,134,185
6269,93,162
6270,77,175
6271,71,169
6272,156,170
6273,66,155
6274,75,153
6275,82,161
6276,84,163
6277,77,163
6278,92,167
6279,76,169
6280,109,167
6281,67,173
6282,70,167
6283,70,159
6284,101,161
6285,65,178
6286,66,158
6287,76,171
6288,136,178
6289,51,145
6290,70,173
6291,68,173
6292,71,149
6293,78,161
6294,78,163
6295,71,165
6296,99,185
6297,106,167
6298,84,149
6299,40,143
6300,59,171
6301,78,167
6302,161,183
6303,127,181
6304,121,188
6305,71,178
6306,73,162
6307,106,160
6308,71,156
6309,85,169
6310,70,166
6311,44,164
6312,73,175
6313,68,190
6314,83,158
6315,100,175
6316,73,148
6317,104,172
6318,73,169
6319,129,187
6320,64,159
6321,60,154
6322,75,168
6323,90,182
6324,66,157
6325,92,175
6326,121,182
6327,61,154
6328,57,145
6329,61,163
6330,94,175
6331,107,161
6332,65,150
6333,95,157
6334,84,162
6335,81,167
6336,94,166
6337,108,173
6338,82,168
6339,95,161
6340,95,175
6341,83,166
6342,66,156
6343,91,178
6344,79,174
6345,99,167
6346,98,165
6347,69,157
6348,91,172
6349,77,152
6350,89,187
6351,87,162
6352,103,161
6353,52,160
6354,90,170
6355,119,187
6356,65,162
6357,91,173
6358,56,167
6359,71,175
6360,67,163
6361,96,164
6362,93,168
6363,102,150
6364,112,178
6365,65,153
6366,80,162
6367,78,179
6368,85,170
6369,89,167
6370,136,158
6371,68,177
6372,78,177
6373,68,159
6374,113,151
6375,80,145
6376,87,169
6377,63,173
6378,90,164
6379,84,168
6380,80,167
6381,81,173
6382,84,179
6383,73,157
6384,105,168
6385,59,156
6386,59,151
6387,101,184
6388,50,152
6389,66,155
6390,115,175
6391,43,148
6392,49,157
6393,70,157
6394,56,178
6395,61,173
6396,85,175
6397,148,166
6398,76,169
6399,56,153
6400,82,172
6401,91,179
6402,89,164
6403,51,160
6404,71,153
6405,76,157
6406,97,161
6407,86,163
6408,58,155
6409,64,175
6410,100,159
6411,88,176
6412,77,163
6413,102,169
6414,64,160
6415,72,170
6416,123,176
6417,90,162
6418,65,152
6419,64,158
6420,83,158
6421,74,168
6422,74,168
6423,90,168
6424,73,193
6425,95,162
6426,116,168
6427,113,157
6428,120,166
6429,87,170
6430,135,183
6431,91,166
6432,85,174
6433,73,167
6434,89,171
6435,123,167
6436,81,151
6437,72,175
6438,72,165
6439,84,160
6440,86,184
6441,81,169
6442,106,175
6443,69,154
6444,67,157
6445,91,175
6446,84,165
6447,96,180
6448,59,169
6449,75,157
6450,160,189
6451,56,146
6452,81,179
6453,74,153
6454,74,168
6455,71,162
6456,97,177
6457,49,162
6458,83,154
6459,65,163
6460,99,165
6461,83,164
6462,66,176
6463,86,180
6464,73,173
6465,90,171
6466,85,166
6467,85,159
6468,72,163
6469,115,176
6470,67,167
6471,84,155
6472,81,181
6473,76,174
6474,147,181
6475,76,150
6476,134,184
6477,49,164
6478,108,171
6479,70,176
6480,118,186
6481,66,177
6482,85,170
6483,76,166
6484,84,176
6485,56,159
6486,156,160
6487,101,170
6488,94,184
6489,55,171
6490,93,166
6491,79,152
6492,63,157
6493,96,167
6494,103,159
6495,63,160
6496,56,163
6497,85,163
6498,56,161
6499,80,166
6500,106,161
6501,80,172
6502,82,152
6503,41,147
6504,80,165
6505,54,162
6506,55,164
6507,59,164
6508,87,180
6509,120,192
6510,87,168
6511,57,153
6512,92,164
6513,79,169
6514,84,177
6515,92,167
6516,74,172
6517,81,186
6518,121,174
6519,61,162
6520,61,162
6521,90,166
6522,77,178
6523,123,184
6524,74,168
6525,43,141
6526,72,157
6527,65,158
6528,76,182
6529,95,164
6530,89,177
6531,99,162
6532,84,159
6533,73,149
6534,59,146
6535,110,176
6536,125,179
6537,71,162
6538,121,176
6539,64,172
6540,57,169
6541,46,153
6542,70,151
6543,53,170
6544,103,183
6545,69,158
6546,65,177
6547,86,160
6548,81,159
6549,101,167
6550,57,159
6551,101,185
6552,96,174
6553,67,159
6554,50,165
6555,119,165
6556,84,167
6557,82,168
6558,50,149
6559,58,154
6560,76,164
6561,55,161
6562,54,148
6563,86,172
6564,67,150
6565,73,156
6566,54,167
6567,86,169
6568,113,153
6569,74,161
6570,76,169
6571,77,174
6572,79,167
6573,146,177
6574,89,160
6575,78,173
6576,62,151
6577,76,181
6578,67,157
6579,86,175
6580,94,161
6581,55,148
6582,60,159
6583,81,168
6584,104,163
6585,62,157
6586,58,156
6587,65,175
6588,75,168
6589,74,169
6590,72,165
6591,77,156
6592,91,168
6593,72,160
6594,58,172
6595,60,168
6596,75,161
6597,109,170
6598,68,146
6599,66,152
6600,128,177
6601,85,160
6602,46,163
6603,91,188
6604,92,173
6605,78,166
6606,68,158
6607,87,172
6608,59,165
6609,60,160
6610,87,147
6611,84,180
6612,56,154
6613,89,189
6614,87,164
6615,70,161
6616,62,147
6617,134,169
6618,62,156
6619,79,164
6620,69,162
6621,95,167
6622,72,158
6623,93,157
6624,82,163
6625,63,169
6626,81,170
6627,103,162
6628,56,167
6629,71,171
6630,117,181
6631,73,160
6632,74,166
6633,82,170
6634,66,154
6635,98,182
6636,74,168
6637,65,151
6638,98,158
6639,104,177
6640,88,187
6641,93,180
6642,89,154
6643,96,177
6644,59,158
6645,114,170
6646,135,166
6647,54,154
6648,50,158
6649,86,165
6650,98,156
6651,106,172
6652,104,164
6653,65,181
6654,61,177
6655,48,158
6656,73,152
6657,88,162
6658,127,195
6659,130,187
6660,85,165
6661,129,179
6662,80,156
6663,75,159
6664,98,173
6665,63,166
6666,92,165
6667,161,192
6668,55,161
6669,80,176
6670,89,179
6671,111,152
6672,95,166
6673,95,163
6674,128,163
6675,83,162
6676,61,173
6677,84,175
6678,51,156
6679,73,161
6680,73,164
6681,65,175
6682,100,168
6683,83,159
6684,99,186
6685,91,168
6686,92,182
6687,66,163
6688,75,158
6689,44,149
6690,132,156
6691,93,177
6692,115,186
6693,95,174
6694,104,195
6695,80,171
6696,59,152
6697,84,178
6698,91,176
6699,107,182
6700,68,163
6701,60,149
6702,127,181
6703,161,180
6704,63,169
6705,45,149
6706,80,154
6707,70,176
6708,60,165
6709,79,187
6710,69,179
6711,131,175
6712,65,152
6713,123,166
6714,81,169
6715,80,166
6716,119,161
6717,89,160
6718,57,159
6719,96,164
6720,75,162
6721,69,154
6722,77,157
6723,77,156
6724,66,167
6725,100,183
6726,110,166
6727,83,166
6728,105,155
6729,70,167
6730,83,165
6731,73,159
6732,127,167
6733,102,161
6734,94,171
6735,64,177
6736,84,166
6737,70,158
6738,90,178
6739,72,177
6740,72,175
6741,50,156
6742,76,168
6743,87,170
6744,57,159
6745,94,174
6746,66,151
6747,118,169
6748,61,159
6749,81,155
6750,91,169
6751,73,156
6752,65,160
6753,60,157
6754,65,181
6755,66,149
6756,83,160
6757,52,166
6758,85,177
6759,70,168
6760,97,170
6761,63,168
6762,104,180
6763,61,153
6764,113,171
6765,101,182
6766,85,171
6767,64,151
6768,115,165
6769,59,154
6770,73,158
6771,65,176
6772,74,175
6773,116,185
6774,44,145
6775,79,155
6776,86,163
6777,76,159
6778,115,163
6779,114,155
6780,81,170
6781,62,156
6782,88,154
6783,76,174
6784,124,189
6785,67,155
6786,86,161
6787,82,166
6788,59,153
6789,63,160
6790,62,156
6791,75,158
6792,96,180
6793,54,165
6794,112,181
6795,102,181
6796,107,178
6797,58,152
6798,58,160
6799,97,166
6800,79,167
6801,111,161
6802,65,159
6803,70,157
6804,71,164
6805,88,167
6806,79,164
6807,98,166
6808,59,162
6809,67,153
6810,91,184
6811,89,195
6812,75,172
6813,57,165
6814,62,161
6815,58,174
6816,91,155
6817,54,159
6818,69,159
6819,46,146
6820,128,174
6821,76,161
6822,67,151
6823,111,173
6824,46,160
6825,98,188
6826,72,174
6827,58,161
6828,91,157
6829,80,170
6830,134,162
6831,79,179
6832,90,173
6833,85,176
6834,73,146
6835,59,179
6836,44,151
6837,113,175
6838,64,159
6839,84,174
6840,81,160
6841,84,158
6842,115,158
6843,69,172
6844,87,154
6845,83,166
6846,69,169
6847,98,183
6848,66,151
6849,62,152
6850,85,182
6851,73,164
6852,87,169
6853,79,169
6854,60,171
6855,77,174
6856,57,152
6857,82,165
6858,92,175
6859,69,164
6860,89,182
6861,48,149
6862,109,179
6863,52,159
6864,94,182
6865,49,154
6866,66,174
6867,67,164
6868,63,161
6869,116,189
6870,97,168
6871,63,154
6872,103,159
6873,65,156
6874,135,163
6875,75,174
6876,87,180
6877,61,168
6878,180,182
6879,67,164
6880,65,162
6881,104,192
6882,60,163
6883,71,172
6884,71,156
6885,59,147
6886,79,168
6887,70,158
6888,70,158
6889,80,173
6890,67,171
6891,78,175
6892,69,164
6893,123,183
6894,85,185
6895,160,171
6896,57,161
6897,120,152
6898,78,190
6899,74,172
6900,136,191
6901,67,157
6902,51,147
6903,254,166
6904,81,160
6905,45,166
6906,135,172
6907,75,172
6908,55,159
6909,65,164
6910,112,177
6911,84,163
6912,58,153
6913,89,162
6914,154,172
6915,124,180
6916,96,169
6917,83,172
6918,36,158
6919,83,156
6920,80,180
6921,87,186
6922,58,160
6923,82,165
6924,72,154
6925,76,168
6926,97,163
6927,65,145
6928,91,175
6929,100,180
6930,132,189
6931,61,170
6932,115,160
6933,43,146
6934,117,189
6935,103,179
6936,74,151
6937,70,164
6938,67,181
6939,83,157
6940,69,170
6941,108,172
6942,54,168
6943,106,175
6944,99,176
6945,97,174
6946,64,155
6947,121,167
6948,73,177
6949,76,161
6950,84,160
6951,69,169
6952,101,155
6953,74,153
6954,98,177
6955,95,169
6956,79,182
6957,68,158
6958,89,156
6959,93,190
6960,90,157
6961,47,159
6962,52,154
6963,198,177
6964,67,175
6965,77,155
6966,66,159
6967,92,153
6968,76,168
6969,68,166
6970,72,171
6971,51,158
6972,65,156
6973,149,166
6974,65,179
6975,57,147
6976,57,153
6977,88,159
6978,98,173
6979,179,168
6980,93,163
6981,64,164
6982,117,179
6983,122,175
6984,71,173
6985,101,157
6986,63,151
6987,85,175
6988,69,167
6989,167,172
6990,73,164
6991,59,156
6992,119,150
6993,76,170
6994,75,167
6995,47,155
6996,59,171
6997,97,178
6998,87,161
6999,69,162
7000,57,157
7001,52,152
7002,60,160
7003,150,176
7004,62,164
7005,108,168
7006,69,178
7007,71,158
7008,60,165
7009,57,160
7010,59,168
7011,50,160
7012,66,160
7013,58,158
7014,97,179
7015,64,153
7016,133,180
7017,89,180
7018,90,171
7019,96,159
7020,57,164
7021,74,160
7022,108,184
7023,87,173
7024,61,159
7025,141,176
7026,83,165
7027,85,173
7028,102,174
7029,57,167
7030,79,154
7031,58,179
7032,74,162
7033,98,168
7034,71,168
7035,122,182
7036,191,158
7037,80,174
7038,68,152
7039,119,181
7040,64,156
7041,123,175
7042,80,155
7043,63,148
7044,84,154
7045,109,178
7046,99,170
7047,72,172
7048,118,179
7049,82,172
7050,56,161
7051,96,194
7052,59,167
7053,84,186
7054,43,150
7055,76,169
7056,76,159
7057,86,143
7058,57,173
7059,58,155
7060,56,164
7061,105,173
7062,80,165
7063,111,180
7064,101,158
7065,69,160
7066,68,154
7067,59,166
7068,68,161
7069,59,159
7070,57,171
7071,95,173
7072,117,182
7073,79,148
7074,88,161
7075,88,168
7076,49,163
7077,90,163
7078,49,162
7079,111,167
7080,99,163
7081,73,159
7082,81,174
7083,133,171
7084,95,189
7085,70,162
7086,79,155
7087,112,179
7088,170,164
7089,108,159
7090,92,170
7091,55,148
7092,74,162
7093,93,166
7094,60,168
7095,83,180
7096,97,176
7097,79,174
7098,88,176
7099,84,156
7100,79,169
7101,105,188
7102,80,172
7103,52,157
7104,63,176
7105,106,168
7106,84,180
7107,82,170
7108,118,184
7109,68,154
7110,56,175
7111,69,157
7112,114,172
7113,55,170
7114,78,167
7115,52,161
7116,96,175
7117,42,159
7118,84,159
7119,75,159
7120,75,161
7121,105,189
7122,84,167
7123,74,176
7124,83,169
7125,61,167
7126,73,165
7127,131,187
7128,75,163
7129,62,158
7130,125,160
7131,102,183
7132,68,151
7133,78,158
7134,52,159
7135,140,186
7136,54,153
7137,71,167
7138,93,165
7139,122,161
7140,91,168
7141,88,191
7142,96,185
7143,100,170
7144,94,174
7145,88,176
7146,91,174
7147,71,166
7148,58,163
7149,67,152
7150,78,174
7151,75,170
7152,71,166
7153,133,185
7154,73,162
7155,86,166
7156,57,157
7157,72,150
7158,54,150
7159,79,171
7160,88,167
7161,125,155
7162,72,184
7163,84,169
7164,86,176
7165,74,170
7166,81,180
7167,68,170
7168,69,162
7169,100,170
7170,84,175
7171,99,179
7172,79,174
7173,80,167
7174,122,175
7175,78,158
7176,80,178
7177,84,154
7178,82,153
7179,130,156
7180,73,164
7181,148,188
7182,47,152
7183,91,171
7184,76,180
7185,76,163
7186,81,171
7187,84,162
7188,68,164
7189,93,180
7190,66,159
7191,96,162
7192,69,162
7193,54,157
7194,91,177
7195,76,171
7196,72,143
7197,59,157
7198,102,164
7199,82,163
7200,84,152
7201,79,190
7202,69,169
7203,84,164
7204,77,171
7205,100,168
7206,84,164
7207,60,168
7208,71,157
7209,63,156
7210,99,160
7211,83,170
7212,83,179
7213,80,153
7214,85,174
7215,86,171
7216,81,169
7217,145,186
7218,106,170
7219,78,180
7220,87,167
7221,63,159
7222,118,177
7223,116,187
7224,76,172
7225,76,156
7226,96,146
7227,67,170
7228,52,155
7229,82,170
7230,119,171
7231,61,157
7232,57,162
7233,79,141
7234,55,159
7235,58,157
7236,96,172
7237,72,159
7238,88,173
7239,82,165
7240,72,163
7241,84,162
7242,122,171
7243,63,149
7244,85,184
7245,73,161
7246,102,167
7247,79,181
7248,84,166
7249,76,183
7250,74,158
7251,96,178
7252,84,153
7253,87,178
7254,70,170
7255,64,171
7256,93,159
7257,83,163
7258,128,172
7259,85,158
7260,156,162
7261,71,172
7262,68,148
7263,59,160
7264,75,155
7265,52,157
7266,55,158
7267,133,191
7268,59,162
7269,88,168
7270,61,166
7271,132,157
7272,53,152
7273,86,168
7274,73,169
7275,50,172
7276,84,170
7277,55,162
7278,82,159
7279,69,154
7280,50,152
7281,101,161
7282,68,183
7283,68,149
7284,79,156
7285,82,183
7286,95,175
7287,124,184
7288,75,154
7289,154,161
7290,64,184
7291,73,160
7292,78,166
7293,47,168
7294,98,169
7295,73,166
7296,123,180
7297,75,150
7298,69,163
7299,66,153
7300,100,176
7301,117,168
7302,68,179
7303,96,163
7304,85,168
7305,76,154
7306,73,165
7307,92,172
7308,86,161
7309,71,157
7310,71,157
7311,82,176
7312,102,157
7313,145,180
7314,81,160
7315,104,171
7316,128,173
7317,65,157
7318,51,158
7319,54,160
7320,49,141
7321,73,163
7322,66,156
7323,55,158
7324,112,157
7325,61,177
7326,105,162
7327,99,181
7328,79,173
7329,104,166
7330,69,155
7331,78,173
7332,95,156
7333,95,155
7334,47,162
7335,109,179
7336,101,159
7337,70,154
7338,100,172
7339,113,172
7340,94,184
7341,65,164
7342,49,159
7343,71,167
7344,57,155
7345,74,155
7346,56,153
7347,112,168
7348,85,166
7349,62,177
7350,58,150
7351,110,171
7352,111,172
7353,127,168
7354,90,185
7355,124,170
7356,85,183
7357,105,170
7358,100,176
7359,86,175
7360,51,156
7361,74,160
7362,58,175
7363,101,172
7364,58,173
7365,60,145
7366,107,181
7367,98,174
7368,66,160
7369,61,157
7370,57,154
7371,68,167
7372,111,181
7373,80,165
7374,113,154
7375,85,159
7376,90,153
7377,89,153
7378,81,177
7379,93,161
7380,106,188
7381,58,152
7382,104,168
7383,60,168
7384,95,153
7385,83,172
7386,111,165
7387,78,167
7388,49,145
7389,85,166
7390,76,147
7391,90,172
7392,79,169
7393,64,166
7394,74,167
7395,99,154
7396,66,164
7397,75,164
7398,124,173
7399,62,172
7400,49,143
7401,54,162
7402,87,152
7403,74,162
7404,67,160
7405,89,155
7406,120,176
7407,54,157
7408,53,174
7409,92,173
7410,106,181
7411,90,165
7412,74,154
7413,120,158
7414,53,178
7415,223,166
7416,123,189
7417,69,160
7418,77,167
7419,70,163
7420,82,169
7421,95,168
7422,120,178
7423,120,171
7424,66,162
7425,88,176
7426,78,153
7427,79,177
7428,46,151
7429,72,176
7430,66,153
7431,49,154
7432,47,144
7433,123,157
7434,87,163
7435,62,156
7436,89,182
7437,53,146
7438,74,165
7439,64,158
7440,85,174
7441,90,178
7442,71,185
7443,127,176
7444,89,172
7445,88,153
7446,70,175
7447,63,160
7448,83,182
7449,80,179
7450,118,181
7451,88,177
7452,90,175
7453,117,172
7454,88,165
7455,104,183
7456,75,152
7457,86,157
7458,64,170
7459,94,155
7460,74,171
7461,90,183
7462,85,178
7463,63,147
7464,74,167
7465,78,188
7466,85,169
7467,97,178
7468,50,153
7469,85,173
7470,87,170
7471,91,185
7472,72,164
7473,100,168
7474,119,165
7475,63,160
7476,56,172
7477,107,184
7478,111,186
7479,86,165
7480,75,164
7481,63,151
7482,61,164
7483,93,189
7484,93,159
7485,71,169
7486,74,179
7487,73,161
7488,64,158
7489,90,167
7490,89,163
7491,66,165
7492,93,162
7493,93,170
7494,76,162
7495,75,158
7496,68,153
7497,100,166
7498,117,155
7499,81,183
7500,72,160
7501,58,160
7502,67,157
7503,141,182
7504,72,156
7505,81,161
7506,88,164
7507,84,162
7508,104,179
7509,101,174
7510,62,157
7511,106,173
7512,96,177
7513,97,178
7514,85,170
7515,66,159
7516,65,150
7517,112,169
7518,119,178
7519,106,160
7520,93,159
7521,107,164
7522,100,166
7523,111,173
7524,70,180
7525,104,167
7526,74,160
7527,128,172
7528,63,157
7529,78,170
7530,97,172
7531,55,156
7532,130,160
7533,129,182
7534,92,167
7535,146,165
7536,91,166
7537,63,152
7538,103,175
7539,58,157
7540,65,153
7541,102,174
7542,100,174
7543,109,176
7544,121,165
7545,78,173
7546,90,162
7547,89,171
7548,80,150
7549,53,143
7550,51,154
7551,90,159
7552,148,167
7553,101,187
7554,81,171
7555,117,184
7556,69,169
7557,78,181
7558,88,166
7559,129,179
7560,77,180
7561,75,167
7562,74,162
7563,68,178
7564,66,170
7565,56,165
7566,73,157
7567,89,171
7568,104,171
7569,56,154
7570,92,167
7571,76,163
7572,116,180
7573,54,150
7574,71,174
7575,99,175
7576,117,199
7577,94,166
7578,108,167
7579,44,155
7580,81,157
7581,84,155
7582,93,173
7583,132,162
7584,71,170
7585,81,153
7586,80,163
7587,81,170
7588,79,181
7589,158,163
7590,88,185
7591,116,160
7592,159,184
7593,62,155
7594,119,185
7595,88,166
7596,60,155
7597,70,162
7598,82,171
7599,74,159
7600,71,154
7601,50,153
7602,101,175
7603,70,163
7604,71,166
7605,138,171
7606,62,158
7607,71,160
7608,79,155
7609,110,168
7610,131,177
7611,136,178
7612,91,158
7613,69,158
7614,65,166
7615,81,186
7616,92,175
7617,61,167
7618,102,173
7619,57,154
7620,68,175
7621,83,190
7622,104,165
7623,140,180
7624,104,186
7625,87,171
7626,130,171
7627,67,171
7628,97,162
7629,80,175
7630,55,156
7631,95,162
7632,76,161
7633,88,166
7634,91,171
7635,66,177
7636,81,156
7637,61,163
7638,68,175
7639,131,171
7640,76,159
7641,101,170
7642,66,161
7643,90,164
7644,101,154
7645,83,176
7646,75,161
7647,157,165
7648,75,160
7649,74,161
7650,95,160
7651,50,151
7652,56,165
7653,70,153
7654,93,169
7655,82,172
7656,76,161
7657,87,158
7658,118,178
7659,64,177
7660,77,180
7661,106,166
7662,78,168
7663,68,164
7664,99,164
7665,86,174
7666,50,160
7667,139,188
7668,110,172
7669,58,157
7670,123,179
7671,85,166
7672,98,163
7673,61,162
7674,69,175
7675,82,166
7676,73,156
7677,109,173
7678,89,175
7679,50,153
7680,106,173
7681,49,151
7682,81,154
7683,72,166
7684,90,171
7685,57,142
7686,86,171
7687,74,177
7688,72,165
7689,128,175
7690,89,169
7691,53,156
7692,68,159
7693,76,169
7694,96,176
7695,53,167
7696,64,150
7697,74,151
7698,92,176
7699,68,155
7700,143,159
7701,115,171
7702,81,156
7703,59,151
7704,62,160
7705,63,174
7706,82,177
7707,97,172
7708,169,185
7709,85,164
7710,82,160
7711,84,171
7712,58,155
7713,62,165
7714,112,175
7715,144,167
7716,91,169
7717,116,175
7718,104,171
7719,74,159
7720,75,166
7721,66,162
7722,83,160
7723,79,171
7724,90,159
7725,68,171
7726,78,152
7727,137,166
7728,83,162
7729,77,168
7730,77,167
7731,70,172
7732,96,170
7733,70,165
7734,68,168
7735,88,165
7736,81,171
7737,61,163
7738,120,178
7739,73,172
7740,77,163
7741,60,175
7742,105,161
7743,51,158
7744,69,161
7745,91,171
7746,57,151
7747,74,150
7748,97,167
7749,80,154
7750,78,172
7751,149,183
7752,51,144
7753,89,162
7754,59,175
7755,59,164
7756,105,159
7757,66,164
7758,69,153
7759,67,174
7760,115,181
7761,59,184
7762,67,167
7763,85,173
7764,66,158
7765,123,173
7766,129,189
7767,90,159
7768,88,158
7769,68,159
7770,89,181
7771,132,167
7772,80,167
7773,118,180
7774,62,147
7775,91,162
7776,131,170
7777,96,178
7778,90,164
7779,71,159
7780,106,156
7781,62,156
7782,76,159
7783,61,167
7784,78,164
7785,63,167
7786,69,160
7787,82,192
7788,75,163
7789,82,161
7790,77,178
7791,67,147
7792,97,165
7793,87,180
7794,83,162
7795,71,170
7796,74,156
7797,67,156
7798,79,177
7799,81,167
7800,68,154
7801,83,153
7802,73,172
7803,93,178
7804,77,164
7805,72,157
7806,58,146
7807,80,155
7808,64,164
7809,101,180
7810,64,171
7811,60,160
7812,77,169
7813,84,171
7814,61,167
7815,89,167
7816,85,171
7817,71,168
7818,56,159
7819,64,163
7820,74,176
7821,67,164
7822,81,170
7823,85,177
7824,105,176
7825,61,169
7826,151,163
7827,55,150
7828,121,165
7829,68,177
7830,85,166
7831,49,161
7832,76,171
7833,154,176
7834,93,185
7835,78,178
7836,73,162
7837,69,159
7838,85,164
7839,99,182
7840,60,157
7841,66,171
7842,86,160
7843,77,163
7844,88,166
7845,80,171
7846,45,152
7847,129,161
7848,85,165
7849,85,172
7850,100,182
7851,81,159
7852,74,160
7853,62,149
7854,115,175
7855,84,153
7856,95,170
7857,113,176
7858,57,149
7859,143,168
7860,60,155
7861,105,175
7862,120,171
7863,116,155
7864,123,172
7865,74,176
7866,95,185
7867,86,164
7868,63,168
7869,87,164
7870,99,175
7871,101,173
7872,71,155
7873,77,187
7874,82,189
7875,96,176
7876,74,170
7877,63,170
7878,70,150
7879,71,164
7880,97,184
7881,102,165
7882,125,182
7883,55,149
7884,108,164
7885,100,167
7886,64,167
7887,64,171
7888,90,152
7889,94,172
7890,90,169
7891,102,153
7892,59,157
7893,102,167
7894,53,157
7895,83,160
7896,84,163
7897,73,169
7898,79,157
7899,126,177
7900,55,160
7901,82,175
7902,89,167
7903,93,172
7904,87,165
7905,67,159
7906,97,178
7907,84,154
7908,73,144
7909,61,169
7910,75,172
7911,67,168
7912,70,170
7913,55,148
7914,87,161
7915,49,152
7916,57,160
7917,83,170
7918,83,156
7919,107,188
7920,55,155
7921,102,148
7922,105,180
7923,45,157
7924,119,190
7925,77,159
7926,77,158
7927,120,189
7928,80,174
7929,94,174
7930,72,155
7931,61,165
7932,81,182
7933,87,176
7934,96,170
7935,91,163
7936,63,153
7937,75,176
7938,121,185
7939,123,189
7940,153,182
7941,73,174
7942,76,176
7943,61,158
7944,51,144
7945,80,157
7946,96,167
7947,55,165
7948,80,161
7949,117,166
7950,69,163
7951,75,168
7952,117,194
7953,70,169
7954,99,158
7955,54,156
7956,81,170
7957,83,165
7958,75,168
7959,114,192
7960,55,151
7961,74,155
7962,72,163
7963,98,180
7964,129,171
7965,78,179
7966,107,171
7967,97,169
7968,84,177
7969,149,180
7970,105,175
7971,93,175
7972,56,171
7973,121,151
7974,95,166
7975,88,165
7976,64,160
7977,53,174
7978,89,170
7979,95,178
7980,70,156
7981,88,160
7982,58,169
7983,91,166
7984,67,161
7985,75,154
7986,86,173
7987,73,164
7988,58,173
7989,56,175
7990,91,165
7991,106,186
7992,53,160
7993,54,173
7994,61,165
7995,105,172
7996,92,165
7997,103,176
7998,49,161
7999,57,163
8000,72,165
8001,73,156
8002,99,167
8003,69,168
8004,83,173
8005,82,167
8006,79,165
8007,98,163
8008,85,154
8009,126,170
8010,104,177
8011,70,164
8012,69,166
8013,100,173
8014,111,175
8015,116,183
8016,73,155
8017,49,154
8018,78,149
8019,55,156
8020,106,171
8021,79,160
8022,61,157
8023,64,169
8024,75,161
8025,59,161
8026,69,151
8027,72,173
8028,85,172
8029,57,169
8030,99,167
8031,81,174
8032,99,173
8033,97,178
8034,79,156
8035,61,170
8036,67,167
8037,83,167
8038,87,180
8039,81,178
8040,89,177
8041,88,165
8042,50,157
8043,66,174
8044,143,165
8045,83,171
8046,91,151
8047,82,159
8048,83,151
8049,77,159
8050,80,180
8051,90,188
8052,100,181
8053,111,167
8054,119,180
8055,104,177
8056,63,153
8057,124,171
8058,73,172
8059,86,165
8060,108,160
8061,80,163
8062,110,173
8063,69,157
8064,94,188
8065,96,180
8066,73,170
8067,88,157
8068,76,163
8069,51,152
8070,71,164
8071,60,158
8072,74,166
8073,72,144
8074,47,168
8075,91,155
8076,132,166
8077,58,152
8078,79,174
8079,59,168
8080,79,154
8081,117,181
8082,66,150
8083,77,160
8084,65,171
8085,100,167
8086,62,147
8087,111,162
8088,81,164
8089,76,166
8090,126,176
8091,67,171
8092,72,152
8093,68,175
8094,92,154
8095,89,167
8096,70,170
8097,62,154
8098,74,169
8099,62,158
8100,69,170
8101,124,183
8102,71,160
8103,82,169
8104,78,153
8105,96,175
8106,118,186
8107,65,190
8108,66,172
8109,155,180
8110,82,180
8111,106,176
8112,69,166
8113,92,170
8114,97,167
8115,96,166
8116,85,175
8117,78,170
8118,45,154
8119,103,168
8120,74,163
8121,78,157
8122,68,168
8123,154,164
8124,100,167
8125,54,156
8126,121,181
8127,62,164
8128,100,158
8129,83,155
8130,72,161
8131,89,172
8132,81,152
8133,79,163
8134,66,160
8135,128,183
8136,73,167
8137,67,170
8138,99,160
8139,79,170
8140,102,178
8141,89,155
8142,76,174
8143,63,154
8144,84,162
8145,67,184
8146,113,176
8147,119,159
8148,56,158
8149,73,174
8150,64,162
8151,80,159
8152,80,179
8153,71,172
8154,87,180
8155,162,157
8156,55,158
8157,103,159
8158,56,152
8159,128,168
8160,65,160
8161,119,163
8162,80,172
8163,74,152
8164,128,176
8165,98,185
8166,89,163
8167,89,166
8168,76,171
8169,81,171
8170,166,174
8171,76,168
8172,76,166
8173,58,141
8174,85,172
8175,119,163
8176,84,171
8177,53,153
8178,117,190
8179,68,181
8180,57,151
8181,89,162
8182,122,179
8183,101,160
8184,71,173
8185,99,184
8186,67,163
8187,83,147
8188,87,159
8189,77,175
8190,50,149
8191,81,170
8192,92,167
8193,64,163
8194,83,154
8195,76,159
8196,93,160
8197,58,166
8198,105,149
8199,58,177
8200,90,168
8201,68,156
8202,92,165
8203,71,167
8204,143,185
8205,86,175
8206,81,158
8207,90,174
8208,86,166
8209,118,151
8210,92,154
8211,83,165
8212,57,142
8213,99,164
8214,93,179
8215,98,164
8216,84,167
8217,81,159
8218,76,155
8219,58,152
8220,89,178
8221,44,168
8222,52,140
8223,75,168
8224,98,168
8225,96,180
8226,117,186
8227,43,163
8228,97,176
8229,74,176
8230,65,162
8231,72,157
8232,107,186
8233,173,183
8234,69,157
8235,61,173
8236,105,195
8237,58,173
8238,92,153
8239,87,172
8240,87,165
8241,115,168
8242,66,178
8243,71,172
8244,56,169
8245,111,155
8246,58,157
8247,111,176
8248,67,144
8249,58,168
8250,84,164
8251,61,176
8252,49,146
8253,80,165
8254,75,178
8255,56,156
8256,111,152
8257,72,159
8258,84,169
8259,73,163
8260,72,172
8261,112,178
8262,52,154
8263,99,149
8264,82,164
8265,84,164
8266,74,170
8267,64,152
8268,101,178
8269,79,152
8270,93,176
8271,88,163
8272,92,181
8273,106,173
8274,55,167
8275,72,169
8276,62,172
8277,52,148
8278,53,159
8279,109,180
8280,83,177
8281,98,151
8282,76,168
8283,87,178
8284,83,174
8285,57,154
8286,83,178
8287,109,161
8288,83,179
8289,57,151
8290,67,166
8291,119,170
8292,81,161
8293,81,153
8294,55,155
8295,101,173
8296,56,165
8297,59,158
8298,56,153
8299,104,160
8300,67,161
8301,71,184
8302,76,165
8303,89,159
8304,96,179
8305,48,155
8306,78,164
8307,71,165
8308,105,177
8309,98,159
8310,71,176
8311,86,174
8312,65,162
8313,67,149
8314,112,160
8315,58,164
8316,97,190
8317,48,153
8318,55,162
8319,88,163
8320,111,180
8321,85,157
8322,70,159
8323,119,193
8324,58,152
8325,105,170
8326,54,156
8327,80,162
8328,144,172
8329,85,175
8330,99,179
8331,54,163
8332,102,180
8333,73,154
8334,83,181
8335,69,181
8336,80,165
8337,174,190
8338,75,174
8339,104,175
8340,85,168
8341,112,181
8342,83,161
8343,65,153
8344,88,158
8345,77,168
8346,58,156
8347,61,166
8348,69,177
8349,77,155
8350,63,166
8351,76,179
8352,54,148
8353,130,170
8354,62,167
8355,93,161
8356,61,156
8357,80,166
8358,64,151
8359,68,155
8360,84,172
8361,93,178
8362,123,164
8363,84,156
8364,74,154
8365,106,177
8366,63,170
8367,63,179
8368,61,168
8369,83,170
8370,134,176
8371,96,164
8372,77,172
8373,58,156
8374,57,160
8375,78,162
8376,73,168
8377,66,157
8378,116,167
8379,69,182
8380,73,159
8381,78,168
8382,114,174
8383,94,178
8384,82,147
8385,108,168
8386,79,176
8387,59,167
